Workbook

Sheet UnterkörperA
E2: Körperkonstitution | O2: Logo
C3: Unterkörper
E4: Größe
C5: NAME | E5: Gewicht
B8: Movement Patterns 1&2
B9: TGU ROLL TO 1-ARM PRESS | E9: FOOT HAND CRAWL | G9: 1KB SUITCASE CARRY | J9: PEZZIBALL SUPPORTED SQUAT - WALL | N9: HIP HINGE WITH STICK | R9: SUPPORTED 1-LEG ISO HINGE
B11: ANKLE ROCKERS WIPERS | E11: 2-LEG TOE STANCE WIDE STAND | G11: ANKLE MARCH | J11: 1-LEG A-SKIP | N11: 2-LEG DROP & CATCH | R11: SQUAT JUMP W/PASSIVE ELASTIC
B12: Level A | G12: Block 1 | X12: Level
G13: Datum 1 | H13: Woche 1 | J13: Datum 2 | L13: Datum 3 | M13: Woche 2 | O13: Datum 4 | Q13: Datum 5 | R13: Woche 3 | T13: Datum 6 | X13: Level A
B14: Explosiv Block | G14: TEMPO | H14: RPE | I14: SxR | J14: GEWICHT | L14: TEMPO | M14: RPE | N14: SxR | O14: GEWICHT | Q14: TEMPO | R14: RPE | S14: SxR | T14: GEWICHT | X14: Level 4
B15: 1 | C15: 2-LEG ROPE SKIPPINGS | G15: EXPL | I15: 3x100 | J15: BW | L15: EXPL | N15: 3x125 | O15: BW | Q15: EXPL | S15: 3x150 | T15: BW | X15: Level 7
B16: 2 | C16: 1/2-KN BASKETBALL SIDE TOSS AND CATCH - PARALLEL | G16: EXPL | I16: 3x5 | L16: EXPL | N16: 3x5 | Q16: EXPL | S16: 3x5
B17: 3 | C17: 1/2-KN BASKETBALL SIDE TOSS AND CATCH - 90° | G17: EXPL | I17: 3x5 | L17: EXPL | N17: 3x5 | Q17: EXPL | S17: 3x5
B19: Kraft Block (UKK) | G19: GEWICHT | H19: RPE | I19: SxR | J19: GEWICHT | L19: =G19 -> GEWICHT | M19: RPE | N19: SxR | O19: GEWICHT | Q19: =L19 -> GEWICHT | R19: RPE | S19: SxR | T19: GEWICHT
B20: 1 | C20: PEZZIBALL SUPPORTED SQUAT - WALL | H20: 8-9 | I20: 1x20 | M20: 8-9 | N20: =I20 -> 1x20 | R20: 8-9 | S20: =N20 -> 1x20
B21: 2 | C21: SUPPORTED 1-LEG ISO HINGE | H21: 8-9 | I21: 1x10/ea | M21: 8-9 | N21: =I21 -> 1x10/ea | R21: 8-9 | S21: =N21 -> 1x10/ea
B22: 3 | C22: DEAD BUG | H22: 8-9 | I22: 1x10ea | M22: 8-9 | N22: =I22 -> 1x10ea | R22: 8-9 | S22: =N22 -> 1x10ea
B23: 4 | C23: HIP HINGE WITH STICK | H23: 8-9 | I23: 1x20 | M23: 8-9 | N23: =I23 -> 1x20 | R23: 8-9 | S23: 1x20
B24: 5 | C24: BW SPLIT SQUAT TO TOUCH GROUND WITH STICK | H24: 8-9 | I24: 1x20 | M24: 8-9 | N24: =I24 -> 1x20 | R24: 8-9 | S24: 1x20
B25: 6 | C25: KN SIDE PLANK | H25: 8-9 | I25: 3x10s/ea | M25: 8-9 | N25: =I25 -> 3x10s/ea | R25: 8-9 | S25: =N25 -> 3x10s/ea
B26: 7 | C26: STEPDOWN SMALL STEPPER | H26: 8-9 | I26: 1x20/ea | M26: 8-9 | N26: =I26 -> 1x20/ea | R26: 8-9 | S26: =N26 -> 1x20/ea
B27: 8 | C27: SPLIT STANCE | H27: 8-9 | I27: 1x30s/ea | M27: 8-9 | N27: =I27 -> 1x30s/ea | R27: 8-9 | S27: =N27 -> 1x30s/ea
B28: 9 | C28: 1/2-KN ANTIROTATION HOLD - BAND | H28: 8-9 | I28: 3x10s/ea | M28: 8-9 | N28: =I28 -> 3x10s/ea | R28: 8-9 | S28: =N28 -> 3x10s/ea
B29: 10 | C29: SUPPORTED LATERAL SPLIT SQUAT WITH TRX | H29: 8-9 | I29: 1x20/ea | M29: 8-9 | N29: =I29 -> 1x20/ea | R29: 8-9 | S29: =I29 -> 1x20/ea
B30: 11 | C30: 2-LEG GLUTE BRIDGE | H30: 8-9 | I30: 1x20 | M30: 8-9 | N30: =I30 -> 1x20 | R30: 8-9 | S30: =N30 -> 1x20
B31: 12 | C31: LYING MINIBAND HIP EXTERNAL ROTATION | H31: 8-9 | I31: 1x20/ea | M31: 8-9 | N31: =I31 -> 1x20/ea | R31: 8-9 | S31: =N31 -> 1x20/ea
B32: 13 | C32: SIDELYING LEG HIP ABDUKTION | H32: 8-9 | I32: 1x20/ea | M32: 8-9 | N32: =I32 -> 1x20/ea | R32: 8-9 | S32: =I32 -> 1x20/ea
B33: 14 | C33: SIDELYING LEG HIP ADDUKTION | H33: 8-9 | I33: 1x20/ea | M33: 8-9 | N33: =I33 -> 1x20/ea | R33: 8-9 | S33: =N33 -> 1x20/ea
B34: 15 | C34: SEATED TIBIA BAND RAISE | H34: 8-9 | I34: 1x20/ea | M34: 8-9 | N34: =I34 -> 1x20/ea | R34: 8-9 | S34: =N34 -> 1x20/ea
B35: 16 | C35: 2-LEG CALF RAISES | H35: 8-9 | I35: 1x20 | M35: 8-9 | N35: =I35 -> 1x20 | R35: 8-9 | S35: =N35 -> 1x20
B36: Halteübungen 1
B37: 17 | C37: ISO HOLD 1-LEG CALF RAISE | H37: 8-9 | I37: 1x30s/ea | M37: 8-9 | N37: =I37 -> 1x30s/ea | R37: 8-9 | S37: =N37 -> 1x30s/ea
B38: 18 | C38: ISO HOLD 1-LEG GLUTE BRIDGE | H38: 8-9 | I38: 1x30s/ea | M38: 8-9 | N38: =I38 -> 1x30s/ea | R38: 8-9 | S38: =N38 -> 1x30s/ea
B39: 19 | C39: ISO HOLD SPLIT SQUAT | H39: 8-9 | I39: 1x30s/ea | M39: 8-9 | N39: =I39 -> 1x30s/ea | R39: 8-9 | S39: =N39 -> 1x30s/ea
V40: 1x20/ea
V41: 1x15s/ea
V42: 2x12s/ea
V43: 1x25s/ea
V44: 1x30s/ea
V45: 1x45s/ea
V46: 1x60s/ea
V47: 3x10s/ea
V48: 2x30s/ea
V49: 1x30s
V50: 1x10/ea

Sheet OberkörperA
E2: Körperkonstitution | O2: Logo
C3: Oberkörper
E4: Größe
C5: NAME | E5: Gewicht
B9: Movement Patterns 1&2
B10: =UnterkörperA!B9 -> TGU ROLL TO 1-ARM PRESS | E10: =UnterkörperA!E9 -> FOOT HAND CRAWL | G10: =UnterkörperA!G9 -> 1KB SUITCASE CARRY | J10: =UnterkörperA!J9 -> PEZZIBALL SUPPORTED SQUAT - WALL | N10: =UnterkörperA!N9 -> HIP HINGE WITH STICK | R10: =UnterkörperA!R9 -> SUPPORTED 1-LEG ISO HINGE
B12: =UnterkörperA!B11 -> ANKLE ROCKERS WIPERS | E12: =UnterkörperA!E11 -> 2-LEG TOE STANCE WIDE STAND | G12: =UnterkörperA!G11 -> ANKLE MARCH | J12: =UnterkörperA!J11 -> 1-LEG A-SKIP | N12: =UnterkörperA!N11 -> 2-LEG DROP & CATCH | R12: =UnterkörperA!R11 -> SQUAT JUMP W/PASSIVE ELASTIC
B13: =UnterkörperA!B12 -> Level A | G13: Block 2
G14: Datum 1 | H14: Woche 1 | J14: Datum 2 | L14: Datum 3 | M14: Woche 2 | O14: Datum 4 | Q14: Datum 5 | R14: Woche 3 | T14: Datum 6
B15: Explosiv Block | G15: TEMPO | H15: RPE | I15: SxR | J15: GEWICHT | L15: TEMPO | M15: RPE | N15: SxR | O15: GEWICHT | Q15: TEMPO | R15: RPE | S15: SxR | T15: GEWICHT
B16: 1 | C16: SQUAT JUMP | G16: EXPL | I16: 3x5 | J16: BW | L16: EXPL | N16: 3x5 | O16: BW | Q16: EXPL | S16: 3x5 | T16: BW
B17: 2 | C17: 1/2-KN MB OVERHEAD THROW WITH PARTNER | G17: EXPL | I17: 3x5 | J17: BB | L17: EXPL | N17: 3x5 | O17: BB | Q17: EXPL | S17: 3x5 | T17: BB
B18: 3 | C18: 1/2-KN MB 2-ARM CHEST PASS WITH PARTNER | G18: EXPL | I18: 3x5 | J18: BB | L18: EXPL | N18: 3x5 | O18: BB | Q18: EXPL | S18: 3x5 | T18: BB
B20: Kraft Block (OKK) | G20: GEWICHT | H20: RPE | I20: SxR | J20: GEWICHT | L20: =G20 -> GEWICHT | M20: RPE | N20: SxR | O20: GEWICHT | Q20: =L20 -> GEWICHT | R20: RPE | S20: SxR | T20: GEWICHT
B21: 1 | C21: 1/2-KN 1-ARM CABLE/BAND PRESS | H21: 8-9 | I21: 1x20/ea | M21: 8-9 | N21: =I21 -> 1x20/ea | R21: 8-9 | S21: =N21 -> 1x20/ea
B22: 2 | C22: 1/2-KN 1-ARM BAND PULLDOWN | H22: 8-9 | I22: 1x20/ea | M22: 8-9 | N22: =I22 -> 1x20/ea | R22: 8-9 | S22: =N22 -> 1x20/ea
B23: 3 | C23: DEAD BUG | H23: 8-9 | I23: 1x10/ea | M23: 8-9 | N23: =I23 -> 1x10/ea | R23: 8-9 | S23: =N23 -> 1x10/ea
B24: 4 | C24: SEATED 1-ARM BAND ROW | H24: 8-9 | I24: 1x20/ea | M24: 8-9 | N24: =I24 -> 1x20/ea | R24: 8-9 | S24: 1x20
B25: 5 | C25: SEATED 1-ARM OVERHEAD PRESS | H25: 8-9 | I25: 1x20/ea | M25: 8-9 | N25: =I25 -> 1x20/ea | R25: 8-9 | S25: 1x20
B26: 6 | C26: KN SIDE PLANK | H26: 8-9 | I26: 3x10s/ea | M26: 8-9 | N26: =I26 -> 3x10s/ea | R26: 8-9 | S26: =N26 -> 3x10s/ea
B27: 7 | C27: STANDING BAND PULL APART | H27: 8-9 | I27: 1x20 | M27: 8-9 | N27: =I27 -> 1x20 | R27: 8-9 | S27: =N27 -> 1x20
B28: 8 | C28: STANDING BAND/CABLE BICEP CURL | H28: 8-9 | I28: 1x20/ea | M28: 8-9 | N28: =I28 -> 1x20/ea | R28: 8-9 | S28: =N28 -> 1x20/ea
B29: 9 | C29: STANDING BAND/CABLE TRICEP CURL | H29: 8-9 | I29: 1x20/ea | M29: 8-9 | N29: =I29 -> 1x20/ea | R29: 8-9 | S29: =N29 -> 1x20/ea
B30: 10 | C30: FOOT HAND CRAWL | H30: 8-9 | I30: 1x10m | M30: 8-9 | N30: 1x12m | R30: 8-9 | S30: 1x15m
B31: 11 | C31: UNDERARM SUPINATION/PRONATION | H31: 8-9 | I31: 1x20/ea | M31: 8-9 | N31: =I31 -> 1x20/ea | R31: 8-9 | S31: =N31 -> 1x20/ea
B32: 12 | C32: TENNISBALL SQUEEZE ORANGE | H32: 8-9 | I32: 1x20/ea | M32: 8-9 | N32: =I32 -> 1x20/ea | R32: 8-9 | S32: =N32 -> 1x20/ea
B33: Halteübungen 2
B34: 13 | C34: ISO HOLD PUSH UP PLANK | H34: 8-9 | I34: 1x30s | M34: 8-9 | N34: 1x30s | R34: 8-9 | S34: 1x30s
B35: 14 | C35: ISO HOLD PULL UP PASSIV LOW | H35: 8-9 | I35: 1x30s | M35: =H35 -> 8-9 | N35: =N36 -> 1x30s | R35: =M35 -> 8-9 | S35: =N35 -> 1x30s
B36: 15 | C36: ISO HOLD PRONE BENCH "T" | H36: 8-9 | I36: 1x30s | M36: 8-9 | N36: 1x30s | R36: 8-9 | S36: 1x30s
B37: 16 | C37: ISO HOLD 1/2 KN 1-ARM LANDMINE OVERHEAD PRESS | H37: 8-9 | I37: 1x30s/ea | M37: 8-9 | N37: =I37 -> 1x30s/ea | R37: 8-9 | S37: =I37 -> 1x30s/ea
V38: 1x15s
V39: 1x20s
V40: 1x25s
V41: 1x30s
V42: 1x45s
V43: 1x60s
V44: 3x10s
V45: 1x20
V46: 1x20/ea
V47: 1x30s/ea

Sheet UnterkörperB
E2: Körperkonstitution | O2: Logo
C3: Unterkörper
E4: Größe
C5: NAME | E5: Gewicht
B8: Movement Patterns 1&2
B9: 1-ARM PRESS TO ELBOW | E9: BKWD CRAWL | G9: 1KB 1-ARM RACK CARRY | J9: BW SQUAT TO TOUCH SIT ON BOX | N9: HINGE TO KB TOUCH | R9: SUP 1-LEG ISO HINGE WITH HIP ROTATION
B11: ANKEL ROCKERS ROTATIONS | E11: 2-LEG TOE STANCE CLOSE STAND | G11: ANKLE SKIPS | J11: A-SKIP | N11: 1-LEG DROP & CATCH | R11: CMJ W/PASSIVE ELASTIC
B12: Level B | G12: Block 1
G13: Datum 1 | H13: Woche 1 | J13: Datum 2 | L13: Datum 3 | M13: Woche 2 | O13: Datum 4 | Q13: Datum 5 | R13: Woche 3 | T13: Datum 6
B14: Explosiv Block | G14: TEMPO | H14: RPE | I14: SxR | J14: GEWICHT | L14: TEMPO | M14: RPE | N14: SxR | O14: GEWICHT | Q14: TEMPO | R14: RPE | S14: SxR | T14: GEWICHT
B15: 1 | C15: 1-LEG ROPE SKIPPING | G15: EXPL | I15: 3x25/ea | J15: BW | L15: EXPL | N15: 3x40/ea | O15: BW | Q15: EXPL | S15: 3x60/ea | T15: BW
B16: 2 | C16: 1/2-KN BASKETBALL SIDE TOSS AND CATCH - PARALLEL | G16: EXPL | I16: 3x5 | L16: EXPL | N16: 3x5 | Q16: EXPL | S16: 3x5
B17: 3 | C17: 1/2-KN BASKETBALL SIDE TOSS AND CATCH - 90° | G17: EXPL | I17: 3x5 | L17: EXPL | N17: 3x5 | Q17: EXPL | S17: 3x5
B19: Kraft Block (UKK) | G19: GEWICHT | H19: RPE | I19: SxR | J19: GEWICHT | L19: =G19 -> GEWICHT | M19: RPE | N19: SxR | O19: GEWICHT | Q19: =L19 -> GEWICHT | R19: RPE | S19: SxR | T19: GEWICHT
B20: 1 | C20: BW SQUAT TO TOUCH BOX | H20: 8-9 | I20: 1x20 | M20: 8-9 | N20: =I20 -> 1x20 | R20: 8-9 | S20: =N20 -> 1x20
B21: 2 | C21: SUPPORTED 1-LEG ISO HINGE WITH HIP ROTATION | H21: 8-9 | I21: 1x10/ea | M21: 8-9 | N21: =I21 -> 1x10/ea | R21: 8-9 | S21: =N21 -> 1x10/ea
B22: 3 | C22: PLANK | H22: 8-9 | I22: 3x10s | M22: 8-9 | N22: =I22 -> 3x10s | R22: 8-9 | S22: =N22 -> 3x10s
B23: 4 | C23: HINGE TO KB TOUCH (KB SUMO DEADLIFT) | H23: 8-9 | I23: 1x20 | M23: 8-9 | N23: =I23 -> 1x20 | R23: 8-9 | S23: 1x20
B24: 5 | C24: BW STEP BACK SPLIT SQUAT TO GROUND-STICK | H24: 8-9 | I24: 1x20/ea | M24: 8-9 | N24: =I24 -> 1x20/ea | R24: 8-9 | S24: =I24 -> 1x20/ea
B25: 6 | C25: SIDE PLANK | H25: 8-9 | I25: 3x10s | M25: 8-9 | N25: =I25 -> 3x10s | R25: 8-9 | S25: =N25 -> 3x10s
B26: 7 | C26: STEPDOWN MEDIUM STEPPER | H26: 8-9 | I26: 1x20/ea | M26: 8-9 | N26: =I26 -> 1x20/ea | R26: 8-9 | S26: =N26 -> 1x20/ea
B27: 8 | C27: SPLIT STANCE CLOSED EYES | H27: 8-9 | I27: 1x30s/ea | M27: 8-9 | N27: =I27 -> 1x30s/ea | R27: 8-9 | S27: =N27 -> 1x30s/ea
B28: 9 | C28: 1/2-KN ANTI-ROTATION PRESS | H28: 8-9 | I28: 3x10/ea | M28: 8-9 | N28: =I28 -> 3x10/ea | R28: 8-9 | S28: =N28 -> 3x10/ea
B29: 10 | C29: HEARBEAT LATERAL SPLIT SQUAT WITH PEZZIBALL | H29: 8-9 | I29: 1x20/ea | M29: 8-9 | N29: =I29 -> 1x20/ea | R29: 8-9 | S29: =I29 -> 1x20/ea
B30: 11 | C30: 2-LEG MARCHING GLUTE BRIDGE | H30: 8-9 | I30: 1x20 | M30: 8-9 | N30: =I30 -> 1x20 | R30: 8-9 | S30: =N30 -> 1x20
B31: 12 | C31: SIDELYING MINIBAND HIP EXTERNAL RORATION | H31: 8-9 | I31: 1x20/ea | M31: 8-9 | N31: =I31 -> 1x20/ea | R31: 8-9 | S31: =N31 -> 1x20/ea
B32: 13 | C32: STANDING LEG HIP ABDUKTION | H32: 8-9 | I32: 1x20/ea | M32: 8-9 | N32: 1x12m | R32: 8-9 | S32: 1x15m
B33: 14 | C33: STANDING SIDELYING LEG HIP ADDUKTION | H33: 8-9 | I33: 1x20/ea | M33: 8-9 | N33: =I33 -> 1x20/ea | R33: 8-9 | S33: =N33 -> 1x20/ea
B34: 15 | C34: SEATED TIBIA BAND RAISE | H34: 8-9 | I34: 1x20/ea | M34: 8-9 | N34: =I34 -> 1x20/ea | R34: 8-9 | S34: =N34 -> 1x20/ea
B35: 16 | C35: 1-LEG CALF RAISES | H35: 8-9 | I35: 1x20/ea | M35: 8-9 | N35: =I35 -> 1x20/ea | R35: 8-9 | S35: =N35 -> 1x20/ea
B36: Halteübungen 1
B37: 17 | C37: ISO HOLD 1-LEG CALF RAISE | H37: 8-9 | I37: 1x45s/ea | M37: 8-9 | N37: =I37 -> 1x45s/ea | R37: 8-9 | S37: =I37 -> 1x45s/ea
B38: 18 | C38: ISO HOLD 1-LEG GLUTE BRIDGE | H38: 8-9 | I38: 1x45s/ea | M38: 8-9 | N38: =I38 -> 1x45s/ea | R38: 8-9 | S38: =I38 -> 1x45s/ea
B39: 19 | C39: ISO HOLD SPLIT SQUAT | H39: 8-9 | I39: 1x45s/ea | M39: 8-9 | N39: =I39 -> 1x45s/ea | R39: 8-9 | S39: =N39 -> 1x45s/ea
V41: 1x15s/ea
V42: 2x12s/ea
V43: 1x25s/ea
V44: 1x30s/ea
V45: 1x45s/ea
V46: 1x60s/ea
V47: 3x10s/ea
V48: 2x30s/ea
V49: 1x30s
V50: 1x45s

Sheet OberkörperB
E2: Körperkonstitution | O2: Logo
C3: Oberkörper
E4: Größe
C5: NAME | E5: Gewicht
C10: Preparatory | E10: General Preparation | I10: Technical Development | M10: Accumulation | Q10: Dynamic | S10: =UnterkörperA!#REF! -> #REF!
B12: 1-ARM PRESS TO ELBOW | E12: BKWD CRAWL | H12: 1KB 1-ARM RACK CARRY | L12: =UnterkörperB!J9 -> BW SQUAT TO TOUCH SIT ON BOX | O12: =UnterkörperB!N9 -> HINGE TO KB TOUCH | R12: =UnterkörperB!R9 -> SUP 1-LEG ISO HINGE WITH HIP ROTATION
B14: =UnterkörperB!B11 -> ANKEL ROCKERS ROTATIONS | E14: =UnterkörperB!E11 -> 2-LEG TOE STANCE CLOSE STAND | H14: =UnterkörperB!G11 -> ANKLE SKIPS | L14: =UnterkörperB!J11 -> A-SKIP | O14: =UnterkörperB!N11 -> 1-LEG DROP & CATCH | S14: =UnterkörperB!R11 -> CMJ W/PASSIVE ELASTIC
B15: =UnterkörperB!B12 -> Level B | G15: Block 2
G16: Datum 1 | H16: Woche 1 | J16: Datum 2 | L16: Datum 3 | M16: Woche 2 | O16: Datum 4 | Q16: Datum 5 | R16: Woche 3 | T16: Datum 6
B17: Explosiv Block | G17: TEMPO | H17: RPE | I17: SxR | J17: GEWICHT | L17: TEMPO | M17: RPE | N17: SxR | O17: GEWICHT | Q17: TEMPO | R17: RPE | S17: SxR | T17: GEWICHT
B18: 1 | C18: CM JUMP | G18: EXPL | I18: 3x5 | J18: BW | L18: EXPL | N18: 3x5 | O18: BW | Q18: EXPL | S18: 3x5 | T18: BW
B19: 2 | C19: 1/2-KN MB OVERHEAD THROW INTO WALL | G19: EXPL | I19: 3x5 | J19: BB | L19: EXPL | N19: 3x5 | O19: BB | Q19: EXPL | S19: 3x5 | T19: BB
B20: 3 | C20: 1/2-KN MB 2-ARM CHEST PASS INTO WALL | G20: EXPL | I20: 3x5 | J20: BB | L20: EXPL | N20: 3x5 | O20: BB | Q20: EXPL | S20: 3x5 | T20: BB
B22: Kraft Block (OKK) | G22: GEWICHT | H22: RPE | I22: SxR | J22: GEWICHT | L22: =G22 -> GEWICHT | M22: RPE | N22: SxR | O22: GEWICHT | Q22: =L22 -> GEWICHT | R22: RPE | S22: SxR | T22: GEWICHT
B23: 1 | C23: ARMS ELEVATED PUSH UP HIGH | H23: 8-9 | I23: 1x20 | M23: 8-9 | N23: =I23 -> 1x20 | R23: 8-9 | S23: =N23 -> 1x20
B24: 2 | C24: 1/2-KN 1-ARM BAND PULLDOWN | H24: 8-9 | I24: 1x20 | M24: 8-9 | N24: =I24 -> 1x20 | R24: 8-9 | S24: =N24 -> 1x20
B25: 3 | C25: PLANK | H25: 8-9 | I25: 1x10ea | M25: 8-9 | N25: =I25 -> 1x10ea | R25: 8-9 | S25: =N25 -> 1x10ea
B26: 4 | C26: 1/2 KN 1-ARM BAND ROW | H26: 8-9 | I26: 1x20 | M26: 8-9 | N26: =I26 -> 1x20 | R26: 8-9 | S26: 1x20
B27: 5 | C27: SEATED 2-ARM OVERHEAD PRESS | H27: 8-9 | I27: 1x20 | M27: 8-9 | N27: =I27 -> 1x20 | R27: 8-9 | S27: 1x20
B28: 6 | C28: SIDE PLANK | H28: 8-9 | I28: 3x10s | M28: 8-9 | N28: =I28 -> 3x10s | R28: 8-9 | S28: =N28 -> 3x10s
B29: 7 | C29: STANDING CABLE "T" | H29: 8-9 | I29: 1x20 | M29: 8-9 | N29: =I29 -> 1x20 | R29: 8-9 | S29: =N29 -> 1x20
B30: 8 | C30: STANDING DB BICEP CURL | H30: 8-9 | I30: 1x20 | M30: 8-9 | N30: =I30 -> 1x20 | R30: 8-9 | S30: =N30 -> 1x20
B31: 9 | C31: STANDING BAND/CABLE TRICEP CURL | H31: 8-9 | I31: 1x20 | M31: 8-9 | N31: =I31 -> 1x20 | R31: 8-9 | S31: =N31 -> 1x20
B32: 10 | C32: BKWD CRAWL | H32: 8-9 | I32: 1x10m | M32: 8-9 | N32: 1x12m | R32: 8-9 | S32: 1x15m
B33: 11 | C33: RACKET SUPINATION/PRONATION | H33: 8-9 | I33: 1x20 | M33: 8-9 | N33: =I33 -> 1x20 | R33: 8-9 | S33: =N33 -> 1x20
B34: 12 | C34: TENNISBALL SQUEZZE GREEN | H34: 8-9 | I34: 1x20 | M34: 8-9 | N34: =I34 -> 1x20 | R34: 8-9 | S34: =N34 -> 1x20
B35: Halteübungen 2
B36: 13 | C36: ISO HOLD PUSH UP PLANK | H36: 8-9 | I36: 1x45s | M36: 8-9 | N36: 1x45s | R36: 8-9 | S36: =N36 -> 1x45s
B37: 14 | C37: ISO HOLD PULL UP PASSIV LOW | H37: 8-9 | I37: 1x45s | M37: =H37 -> 8-9 | N37: =I37 -> 1x45s | R37: =M37 -> 8-9 | S37: =N37 -> 1x45s
B38: 15 | C38: ISO HOLD PRONE BENCH "T" | H38: 8-9 | I38: 1x45s | M38: 8-9 | N38: =I38 -> 1x45s | R38: 8-9 | S38: =N36 -> 1x45s
B39: 16 | C39: ISO HOLD 1/2 KN 1-ARM LANDMINE OVERHEAD PRESS | H39: 8-9 | I39: 1x45ea | M39: 8-9 | N39: =I39 -> 1x45ea | R39: 8-9 | S39: =I39 -> 1x45ea
V40: 1x15s
V41: 1x20s
V42: 1x25s
V43: 1x30s
V44: 1x45s
V45: 1x60s
V46: 3x10s
V47: 1x20
V48: 1x45ea

Sheet UnterkörperC
E2: Körperkonstitution | M2: Current Goals | O2: Logo
C3: Unterkörper
E4: Größe
C5: NAME | E5: Gewicht
C10: Preparatory | E10: General Preparation | I10: Technical Development | N10: Accumulation | Q10: Dynamic | S10: 1x20
B12: TGU - ELBOW TO POST | E12: SIDE CRAWL | I12: 1KB BOTTOM-UP WAITER CARRY | M12: HEARTBEAT SQUAT | O12: HINGE TO CRUSH HANDLE | S12: 1-ARM SUPPORTED 1-LEG ISO HINGE
B14: ANKLE ROCKER 1/2-KN | E14: SPLIT TOE STANCE | I14: ANKLE BOUNDS | M14: 1-LEG B-SKIP | O14: 2-LEG DROP & CATCH & SQUAT JUMP | S14: SQUAT JUMP - DC
B15: Level C | G15: Block 1 | X15: Level
G16: Datum 1 | H16: Woche 1 | J16: Datum 2 | L16: Datum 3 | M16: Woche 2 | O16: Datum 4 | Q16: Datum 5 | R16: Woche 3 | T16: Datum 6 | X16: Level A
B17: Explosiv Block | G17: TEMPO | H17: RPE | I17: SxR | J17: GEWICHT | L17: TEMPO | M17: RPE | N17: SxR | O17: GEWICHT | Q17: TEMPO | R17: RPE | S17: SxR | T17: GEWICHT | X17: Level B
B18: 1 | C18: 2-LEG ROPE SKIPPINGS - 3 CONTACTS | G18: EXPL | I18: 3x100 | J18: BW | L18: EXPL | N18: 3x125 | O18: BW | Q18: EXPL | S18: 3x150 | T18: BW | X18: Level C
B19: 2 | C19: SPLIT STANCE BASKETBALL SIDE TOSS AND CATCH - PARALLEL | G19: EXPL | I19: 3x5 | L19: EXPL | N19: 3x5 | Q19: EXPL | S19: 3x5
B20: 3 | C20: SPLIT STANCE BASKETBALL SIDE TOSS AND CATCH - 90° | G20: EXPL | I20: 3x5 | L20: EXPL | N20: 3x5 | Q20: EXPL | S20: 3x5
B22: Kraft Block (UKK) | G22: GEWICHT | H22: RPE | I22: SxR | J22: GEWICHT | L22: =G22 -> GEWICHT | M22: RPE | N22: SxR | O22: GEWICHT | Q22: =L22 -> GEWICHT | R22: RPE | S22: SxR | T22: GEWICHT
B23: 1 | C23: HEARTBEAT SQUAT | H23: 8-9 | I23: 1x20 | M23: 8-9 | N23: =I23 -> 1x20 | R23: 8-9 | S23: =N23 -> 1x20
B24: 2 | C24: 1-ARM SUPPORTED 1-LEG ISO HINGE | H24: 8-9 | I24: 1x10/ea | M24: 8-9 | N24: =I24 -> 1x10/ea | R24: 8-9 | S24: =N24 -> 1x10/ea
B25: 3 | C25: PUSH UP - SHOULDER TAP | H25: 8-9 | I25: 1x10ea | M25: 8-9 | N25: =I25 -> 1x10ea | R25: 8-9 | S25: =N25 -> 1x10ea
B26: 4 | C26: HINGE TO CRUSH HANDLE (KB SUMO DEADLIFT) | H26: 8-9 | I26: 1x20 | M26: 8-9 | N26: =I26 -> 1x20 | R26: 8-9 | S26: 1x20
B27: 5 | C27: BW STEP FORWARD SPLIT SQUAT TO GROUND WITH STICK | H27: 8-9 | I27: 1x20/ea | M27: 8-9 | N27: =I27 -> 1x20/ea | R27: 8-9 | S27: 1x20
B28: 6 | C28: SIDE PLANK ROTATIONS | H28: 8-9 | I28: 3x10s/ea | M28: 8-9 | N28: =I28 -> 3x10s/ea | R28: 8-9 | S28: =N28 -> 3x10s/ea
B29: 7 | C29: STEP UP MEDIUM STEPPER | H29: 8-9 | I29: 1x20/ea | M29: 8-9 | N29: =I29 -> 1x20/ea | R29: 8-9 | S29: =N29 -> 1x20/ea
B30: 8 | C30: 1-LEG STANCE | H30: 8-9 | I30: 1x30s/ea | M30: 8-9 | N30: =I30 -> 1x30s/ea | R30: 8-9 | S30: =N30 -> 1x30s/ea
B31: 9 | C31: 1/2-KN ANTI-ROTATION PRESS TO OVERHEAD | H31: 8-9 | I31: 3x10s/ea | M31: 8-9 | N31: =I31 -> 3x10s/ea | R31: 8-9 | S31: =N31 -> 3x10s/ea
B32: 10 | C32: HEARBEAT LATERAL SPLIT SQUAT TO BOX | H32: 8-9 | I32: 1x20/ea | M32: 8-9 | N32: 1x12m | R32: 8-9 | S32: 1x15m
B33: 11 | C33: 1-LEG GLUTE BRIDGE | H33: 8-9 | I33: 1x20/ea | M33: 8-9 | N33: =I33 -> 1x20/ea | R33: 8-9 | S33: =N33 -> 1x20/ea
B34: 12 | C34: STANDING MINIBAND HIP EXTERNAL ROTATION | H34: 8-9 | I34: 1x20/ea | M34: 8-9 | N34: =I34 -> 1x20/ea | R34: 8-9 | S34: =N34 -> 1x20/ea
B35: 13 | C35: SIDE MARCH WITH MINIBAND OVER KNEE | H35: 8-9 | I35: 1x15m/ea | M35: 8-9 | N35: =I35 -> 1x15m/ea | R35: 8-9 | S35: =I35 -> 1x15m/ea
B36: 14 | C36: KN COPENHAGEN PLANK BENCH | H36: 8-9 | I36: 3x10s/ea | M36: 8-9 | N36: =I36 -> 3x10s/ea | R36: 8-9 | S36: =N36 -> 3x10s/ea
B37: 15 | C37: SEATED TIBIA BAND RAISE | H37: 8-9 | I37: 1x20/ea | M37: 8-9 | N37: =I37 -> 1x20/ea | R37: 8-9 | S37: =N37 -> 1x20/ea
B38: 16 | C38: LOADED 2-LEG CALF RAISES | H38: 8-9 | I38: 1x20 | M38: 8-9 | N38: =I38 -> 1x20 | R38: 8-9 | S38: =N38 -> 1x20
B39: Halteübungen 1
B40: 17 | C40: ISO HOLD 1-LEG CALF RAISE | H40: 8-9 | I40: 1x60s/ea | M40: 8-9 | N40: =I40 -> 1x60s/ea | R40: 8-9 | S40: =I40 -> 1x60s/ea
B41: 18 | C41: ISO HOLD 1-LEG GLUTE BRIDGE | H41: 8-9 | I41: 1x60s/ea | M41: 8-9 | N41: =I41 -> 1x60s/ea | R41: 8-9 | S41: =I41 -> 1x60s/ea
B42: 19 | C42: ISO HOLD SPLIT SQUAT | H42: 8-9 | I42: 1x60s/ea | M42: 8-9 | N42: =I42 -> 1x60s/ea | R42: 8-9 | S42: =N42 -> 1x60s/ea
V44: 1x15s/ea
V45: 2x12s/ea
V46: 1x25s/ea
V47: 1x30s/ea
V48: 1x45s/ea
V49: 1x60s/ea
V50: 3x10s/ea
V51: 2x30s/ea
V52: 1x30s
V53: 1x45s
V54: 2x12/ea

Sheet OberkörperC
E2: Körperkonstitution | O2: Logo
C3: Oberkörper
E4: Größe
C5: NAME | E5: Gewicht
C10: Preparatory | E10: General Preparation | I10: Technical Development | M10: Accumulation | Q10: Dynamic | S10: =UnterkörperA!#REF! -> #REF!
B12: TGU - ELBOW TO POST | E12: SIDE CRAWL | H12: 1KB BOTTOM-UP WAITER CARRY | L12: HEARTBEAT SQUAT | O12: HINGE TO CRUSH HANDLE | R12: 1-ARM SUPPORTED 1-LEG ISO HINGE
B14: ANKLE ROCKER 1/2-KN | E14: SPLIT TOE STANCE | H14: ANKLE BOUNDS | L14: 1-LEG B-SKIP | O14: 2-LEG DROP & CATCH & SQUAT JUMP | R14: SQUAT JUMP - DC
B15: =UnterkörperC!B15 -> Level C | G15: Block 2
G16: Datum 1 | H16: Woche 1 | J16: Datum 2 | L16: Datum 3 | M16: Woche 2 | O16: Datum 4 | Q16: Datum 5 | R16: Woche 3 | T16: Datum 6
B17: Explosiv Block | G17: TEMPO | H17: RPE | I17: SxR | J17: GEWICHT | L17: TEMPO | M17: RPE | N17: SxR | O17: GEWICHT | Q17: TEMPO | R17: RPE | S17: SxR | T17: GEWICHT
B18: 1 | C18: SQUAT JUMP - TO BOX | G18: EXPL | I18: 3x5 | J18: BW | L18: EXPL | N18: 3x5 | O18: BW | Q18: EXPL | S18: 3x5 | T18: BW
B19: 2 | C19: SPLIT STANCE BASKETBALL OH THROWS WITH PARTNER | G19: EXPL | I19: 3x5 | J19: BB | L19: EXPL | N19: 3x5 | O19: BB | Q19: EXPL | S19: 3x5 | T19: BB
B20: 3 | C20: SPLIT STANCE BASKETBALL 2-ARM CHEST PASSES WITH PARTNER | G20: EXPL | I20: 3x5 | J20: BB | L20: EXPL | N20: 3x5 | O20: BB | Q20: EXPL | S20: 3x5 | T20: BB
B22: Kraft Block (OKK) | G22: GEWICHT | H22: RPE | I22: SxR | J22: GEWICHT | L22: =G22 -> GEWICHT | M22: RPE | N22: SxR | O22: GEWICHT | Q22: =L22 -> GEWICHT | R22: RPE | S22: SxR | T22: GEWICHT
B23: 1 | C23: ARMS ELEVATED PUSH UP LOW | H23: 8-9 | I23: 1x20 | M23: 8-9 | N23: =I23 -> 1x20 | R23: 8-9 | S23: =N23 -> 1x20
B24: 2 | C24: PULL UP HANG PASSIVE LOW | H24: 8-9 | I24: 1x20 | M24: 8-9 | N24: =I24 -> 1x20 | R24: 8-9 | S24: =N24 -> 1x20
B25: 3 | C25: PUSH UP - SHOULDER TAP | H25: 8-9 | I25: 1x10ea | M25: 8-9 | N25: =I25 -> 1x10ea | R25: 8-9 | S25: =N25 -> 1x10ea
B26: 4 | C26: SITTING ON THE FLOOR 2-ARM BAND ROW | H26: 8-9 | I26: 1x20 | M26: 8-9 | N26: =I26 -> 1x20 | R26: 8-9 | S26: 1x20
B27: 5 | C27: SITTING ON THE FLOOR 1 ARM OVERHEAD PRESS | H27: 8-9 | I27: 1x20/ea | M27: 8-9 | N27: =I27 -> 1x20/ea | R27: 8-9 | S27: =I27 -> 1x20/ea
B28: 6 | C28: SIDE PLANK ROTATIONS | H28: 8-9 | I28: 3x10s/ea | M28: 8-9 | N28: =I28 -> 3x10s/ea | R28: 8-9 | S28: =N28 -> 3x10s/ea
B29: 7 | C29: STANDIG CABLE FACE PULL | H29: 8-9 | I29: 1x20 | M29: 8-9 | N29: =I29 -> 1x20 | R29: 8-9 | S29: =N29 -> 1x20
B30: 8 | C30: STANDING BB BICEP CURL | H30: 8-9 | I30: 1x20 | M30: 8-9 | N30: =I30 -> 1x20 | R30: 8-9 | S30: =N30 -> 1x20
B31: 9 | C31: STANDING BAND/CABLE 2-ARM TRICEP CURL | H31: 8-9 | I31: 1x20 | M31: 8-9 | N31: =I31 -> 1x20 | R31: 8-9 | S31: =N31 -> 1x20
B32: 10 | C32: SIDE CRAWL | H32: 8-9 | I32: 1x10m | M32: 8-9 | N32: 1x12m | R32: 8-9 | S32: 1x15m
B33: 11 | C33: LOADED ARM SUPINATION/PRONATION | H33: 8-9 | I33: 1x20/ea | M33: 8-9 | N33: =I33 -> 1x20/ea | R33: 8-9 | S33: =N33 -> 1x20/ea
B34: 12 | C34: FLEXBAR WRING VERTICAL | H34: 8-9 | I34: 1x20/ea | M34: 8-9 | N34: =I34 -> 1x20/ea | R34: 8-9 | S34: =N34 -> 1x20/ea
B35: Halteübungen 2
B36: 13 | C36: ISO HOLD PUSH UP PLANK | H36: 8-9 | I36: 1x60s | M36: 8-9 | N36: 1x60s | R36: 8-9 | S36: =N36 -> 1x60s
B37: 14 | C37: ISO HOLD PULL UP PASSIV LOW | H37: 8-9 | I37: 1x60s | M37: =H37 -> 8-9 | N37: =I37 -> 1x60s | R37: =M37 -> 8-9 | S37: =N37 -> 1x60s
B38: 15 | C38: ISO HOLD PRONE BENCH "T" | H38: 8-9 | I38: 1x60s | M38: 8-9 | N38: =I38 -> 1x60s | R38: 8-9 | S38: =N36 -> 1x60s
B39: 16 | C39: ISO HOLD 1/2 KN 1-ARM LANDMINE OVERHEAD PRESS | H39: 8-9 | I39: 1x60s/ea | M39: 8-9 | N39: =I39 -> 1x60s/ea | R39: 8-9 | S39: =I39 -> 1x60s/ea
V40: 1x15s
V41: 1x20s
V42: 1x25s
V43: 1x30s
V44: 1x45s
V45: 1x60s
V46: 3x10s
V47: 1x20
V48: 1x45ea

Sheet UnterkörperD
E2: Körperkonstitution | O2: Logo
C3: Unterkörper
E4: Größe
C5: NAME | E5: Gewicht
C10: Preparatory | E10: General Preparation | I10: Technical Development | N10: Accumulation | Q10: Dynamic | S10: 1x20
B12: TGU ROLL TO 1-ARM PRESS SHOE BALANCE | E12: FOOT ELBOW CRAWL | I12: 2-ARM RACK CARRY | M12: KB GOBLET SQUAT | O12: HINGE TO SNIFF AIR | S12: STICK SUP 1-LEG HINGE
B14: ANKLE ROCKER SHUFFLE | E14: SPLIT SQUAT TOE STANCE | I14: LATERAL ANKLE MARCH | M14: B-SKIP | O14: 1-LEG DROP & CATCH & SIDE BOUND | S14: REACTIVE SQUAT JUMP
B15: Level D | G15: Block 1 | X15: Level
G16: Datum 1 | H16: Woche 1 | J16: Datum 2 | L16: Datum 3 | M16: Woche 2 | O16: Datum 4 | Q16: Datum 5 | R16: Woche 3 | T16: Datum 6 | X16: Level A
B17: Explosiv Block | G17: TEMPO | H17: RPE | I17: SxR | J17: GEWICHT | L17: TEMPO | M17: RPE | N17: SxR | O17: GEWICHT | Q17: TEMPO | R17: RPE | S17: SxR | T17: GEWICHT | X17: Level B
B18: 1 | C18: DOUBLE JUMP 2-LEG ROPE SKIPPING | G18: EXPL | I18: 3x3x10 | J18: BW | L18: EXPL | N18: 3x2x15 | O18: BW | Q18: EXPL | S18: 3x2x20 | T18: BW | X18: Level C
B19: 2 | C19: SPLIT STANCE BASKETBALL SIDE TOSS - PARALLEL | G19: EXPL | I19: 3x5 | L19: EXPL | N19: 3x5 | Q19: EXPL | S19: 3x5 | X19: Level D
B20: 3 | C20: SPLIT STANCE BASKETBALL SIDE TOSS - 90° | G20: EXPL | I20: 3x5 | L20: EXPL | N20: 3x5 | Q20: EXPL | S20: 3x5
B22: Kraft Block (UKK) | G22: GEWICHT | H22: RPE | I22: SxR | J22: GEWICHT | L22: =G22 -> GEWICHT | M22: RPE | N22: SxR | O22: GEWICHT | Q22: =L22 -> GEWICHT | R22: RPE | S22: SxR | T22: GEWICHT
B23: 1 | C23: KB GOBLET SQUAT | H23: 8-9 | I23: 1x20 | M23: 8-9 | N23: =I23 -> 1x20 | R23: 8-9 | S23: =N23 -> 1x20
B24: 2 | C24: STICK SUPPOERTED 1-LEG HINGE | H24: 8-9 | I24: 1x20/ea | M24: 8-9 | N24: =I24 -> 1x20/ea | R24: 8-9 | S24: =N24 -> 1x20/ea
B25: 3 | C25: PLANK - SWITCH IN FRONT | H25: 8-9 | I25: 1x10ea | M25: 8-9 | N25: =I25 -> 1x10ea | R25: 8-9 | S25: =N25 -> 1x10ea
B26: 4 | C26: HINGE TO SNIFF AIR (KB SUMO DEADLIFT) | H26: 8-9 | I26: 1x20 | M26: 8-9 | N26: =I26 -> 1x20 | R26: 8-9 | S26: 1x20
B27: 5 | C27: BW BOTTON-UP SPLIT SQUAT | H27: 8-9 | I27: 1x20/ea | M27: 8-9 | N27: =I27 -> 1x20/ea | R27: 8-9 | S27: 1x20
B28: 6 | C28: FT ELEVATED SIDE PLANK | H28: 8-9 | I28: 3x10s/ea | M28: 8-9 | N28: =I28 -> 3x10s/ea | R28: 8-9 | S28: =N28 -> 3x10s/ea
B29: 7 | C29: STEP UP HIGH STEPPER | H29: 8-9 | I29: 1x20/ea | M29: 8-9 | N29: =I29 -> 1x20/ea | R29: 8-9 | S29: =N29 -> 1x20/ea
B30: 8 | C30: 1-LEG STANCE CLOSED EYES | H30: 8-9 | I30: 1x30s/ea | M30: 8-9 | N30: =I30 -> 1x30s/ea | R30: 8-9 | S30: =N30 -> 1x30s/ea
B31: 9 | C31: TK ANTI-ROTATION HOLD | H31: 8-9 | I31: 2x12/ea | M31: 8-9 | N31: =I31 -> 2x12/ea | R31: 8-9 | S31: =N31 -> 2x12/ea
B32: 10 | C32: HEARBEAT LATERAL SPLIT SQUAT | H32: 8-9 | I32: 1x15/ea | M32: 8-9 | N32: =I32 -> 1x15/ea | R32: 8-9 | S32: =I32 -> 1x15/ea
B33: 11 | C33: 2-LEG MARCHING FORWARD GLUTE BRIDGE | H33: 8-9 | I33: 1x20 | M33: 8-9 | N33: =I33 -> 1x20 | R33: 8-9 | S33: =N33 -> 1x20
B34: 12 | C34: STANDING PEZZIBALL EXTERNAL ROTATION | H34: 8-9 | I34: 3x10s/ea | M34: 8-9 | N34: =I34 -> 3x10s/ea | R34: 8-9 | S34: =N34 -> 3x10s/ea
B35: 13 | C35: SIDE MARCH WITH MINIBAND OVER ANKLES | H35: 8-9 | I35: 1x15m/ea | M35: 8-9 | N35: =I35 -> 1x15m/ea | R35: 8-9 | S35: =I35 -> 1x15m/ea
B36: 14 | C36: FOOT COPENHAGENPLANK BENCH | H36: 8-9 | I36: 3x10s/ea | M36: 8-9 | N36: =I36 -> 3x10s/ea | R36: 8-9 | S36: =N36 -> 3x10s/ea
B37: 15 | C37: SEATED TIBIA BAND RAISE | H37: 8-9 | I37: 1x20/ea | M37: 8-9 | N37: =I37 -> 1x20/ea | R37: 8-9 | S37: =N37 -> 1x20/ea
B38: 16 | C38: LOADED 2-LEG CALF RAISES | H38: 8-9 | I38: 1x20 | M38: 8-9 | N38: =I38 -> 1x20 | R38: 8-9 | S38: =N38 -> 1x20
B39: Halteübungen 1
B40: 17 | C40: ISO HOLD 1-LEG CALF RAISE | H40: 8-9 | I40: 1x60s/ea | M40: 8-9 | N40: =I40 -> 1x60s/ea | R40: 8-9 | S40: =I40 -> 1x60s/ea
B41: 18 | C41: ISO HOLD 1-LEG GLUTE BRIDGE | H41: 8-9 | I41: 1x60s/ea | M41: 8-9 | N41: =I41 -> 1x60s/ea | R41: 8-9 | S41: =I41 -> 1x60s/ea
B42: 19 | C42: ISO HOLD SPLIT SQUAT | H42: 8-9 | I42: 1x60s/ea | M42: 8-9 | N42: =I42 -> 1x60s/ea | R42: 8-9 | S42: =N42 -> 1x60s/ea
V44: 1x15s/ea
V45: 2x12s/ea
V46: 1x25s/ea
V47: 1x30s/ea
V48: 1x45s/ea
V49: 1x60s/ea
V50: 3x10s/ea
V51: 2x30s/ea
V52: 1x30s
V53: 1x45s
V54: 2x12/ea

Sheet OberkörperD
E2: Körperkonstitution | O2: Logo
C3: Oberkörper
E4: Größe
C5: NAME | E5: Gewicht
C10: Preparatory | E10: General Preparation | I10: Technical Development | M10: Accumulation | Q10: Dynamic | S10: =UnterkörperA!#REF! -> #REF!
B12: TGU ROLL TO 1-ARM PRESS SHOE BALANCE | E12: FOOT ELBOW CRAWL | H12: 2-ARM RACK CARRY | L12: KB GOBLET SQUAT | O12: HINGE TO SNIFF AIR | R12: STICK SUP 1-LEG HINGE
B14: ANKLE ROCKER SHUFFLE | E14: SPLIT SQUAT TOE STANCE | H14: LATERAL ANKLE MARCH | L14: B-SKIP | O14: 1-LEG DROP & CATCH & SIDE BOUND | R14: REACTIVE SQUAT JUMP
B15: =UnterkörperD!B15 -> Level D | G15: Block 2
G16: Datum 1 | H16: Woche 1 | J16: Datum 2 | L16: Datum 3 | M16: Woche 2 | O16: Datum 4 | Q16: Datum 5 | R16: Woche 3 | T16: Datum 6
B17: Explosiv Block | G17: TEMPO | H17: RPE | I17: SxR | J17: GEWICHT | L17: TEMPO | M17: RPE | N17: SxR | O17: GEWICHT | Q17: TEMPO | R17: RPE | S17: SxR | T17: GEWICHT
B18: 1 | C18: CM JUMP - TO BOX | G18: EXPL | I18: 3x5 | J18: BW | L18: EXPL | N18: 3x5 | O18: BW | Q18: EXPL | S18: 3x5 | T18: BW
B19: 2 | C19: SPLIT STANCE MB OH THROWS INTO WALL | G19: EXPL | I19: 3x5 | J19: BB | L19: EXPL | N19: 3x5 | O19: BB | Q19: EXPL | S19: 3x5 | T19: BB
B20: 3 | C20: SPLIT STANCE BASKETBALL 2-ARM CHEST PASSES INTO WALL | G20: EXPL | I20: 3x5 | J20: BB | L20: EXPL | N20: 3x5 | O20: BB | Q20: EXPL | S20: 3x5 | T20: BB
B22: Kraft Block (OKK) | G22: GEWICHT | H22: RPE | I22: SxR | J22: GEWICHT | L22: =G22 -> GEWICHT | M22: RPE | N22: SxR | O22: GEWICHT | Q22: =L22 -> GEWICHT | R22: RPE | S22: SxR | T22: GEWICHT
B23: 1 | C23: PUSH UP ON KNEE | H23: 8-9 | I23: 1x20 | M23: 8-9 | N23: =I23 -> 1x20 | R23: 8-9 | S23: =N23 -> 1x20
B24: 2 | C24: PULL UP HANG AKTIVE LOW | H24: 8-9 | I24: 1x20 | M24: 8-9 | N24: =I24 -> 1x20 | R24: 8-9 | S24: =N24 -> 1x20
B25: 3 | C25: PLANK - SWITCH IN FRONT | H25: 8-9 | I25: 1x10ea | M25: 8-9 | N25: =I25 -> 1x10ea | R25: 8-9 | S25: =N25 -> 1x10ea
B26: 4 | C26: STANDING 2-ARM BAND ROW | H26: 8-9 | I26: 1x20 | M26: 8-9 | N26: =I26 -> 1x20 | R26: 8-9 | S26: 1x20
B27: 5 | C27: SITTING ON THE FLOOR 2 ARM OVERHEAD PRESS | H27: 8-9 | I27: 1x20/ea | M27: 8-9 | N27: =I27 -> 1x20/ea | R27: 8-9 | S27: =I27 -> 1x20/ea
B28: 6 | C28: FT ELEVATED SIDE PLANK | H28: 8-9 | I28: 3x10s/ea | M28: 8-9 | N28: =I28 -> 3x10s/ea | R28: 8-9 | S28: =N28 -> 3x10s/ea
B29: 7 | C29: PRONE BENCH ROW TO "W" | H29: 8-9 | I29: 1x20 | M29: 8-9 | N29: =I29 -> 1x20 | R29: 8-9 | S29: =N29 -> 1x20
B30: 8 | C30: STANDING BB BICEP CURL | H30: 8-9 | I30: 1x20 | M30: 8-9 | N30: =I30 -> 1x20 | R30: 8-9 | S30: =N30 -> 1x20
B31: 9 | C31: SUPPORTED DIPS | H31: 8-9 | I31: 1x20 | M31: 8-9 | N31: =I31 -> 1x20 | R31: 8-9 | S31: =N31 -> 1x20
B32: 10 | C32: FOOT ELBOW CRAWL | H32: 8-9 | I32: 1x10m | M32: 8-9 | N32: 1x12m | R32: 8-9 | S32: 1x15m
B33: 11 | C33: LOADED ARM SUPINATION/PRONATION | H33: 8-9 | I33: 1x20/ea | M33: 8-9 | N33: =I33 -> 1x20/ea | R33: 8-9 | S33: =N33 -> 1x20/ea
B34: 12 | C34: FLEXBAR WRING HORIZONAL | H34: 8-9 | I34: 1x20/ea | M34: 8-9 | N34: =I34 -> 1x20/ea | R34: 8-9 | S34: =N34 -> 1x20/ea
B35: Halteübungen 2
B36: 13 | C36: ISO HOLD FT ELEVATED PUSH UP PLANK | H36: 8-9 | I36: 1x30s | M36: 8-9 | N36: 1x30s | R36: 8-9 | S36: =N36 -> 1x30s
B37: 14 | C37: ISO HOLD PULL UP ACTIVE LOW | H37: 8-9 | I37: 1x30s | M37: =H37 -> 8-9 | N37: =I37 -> 1x30s | R37: =M37 -> 8-9 | S37: =N37 -> 1x30s
B38: 15 | C38: ISO HOLD PRONE BENCH "V" | H38: 8-9 | I38: 1x30s | M38: 8-9 | N38: =I38 -> 1x30s | R38: 8-9 | S38: =N36 -> 1x30s
B39: 16 | C39: ISO HOLD 1/2 KN 1-ARM LANDMINE OVERHEAD PRESS | H39: 8-9 | I39: 1x30s/ea | M39: 8-9 | N39: =I39 -> 1x30s/ea | R39: 8-9 | S39: =I39 -> 1x30s/ea
V40: 1x15s
V41: 1x20s
V42: 1x25s
V43: 1x30s
V44: 1x45s
V45: 1x60s
V48: 3x10s
V49: 1x20
V50: 1x45ea

Sheet UnterkörperE
E2: Körperkonstitution | O2: Logo
C3: Unterkörper
E4: Größe
C5: NAME | E5: Gewicht
C10: Preparatory | E10: General Preparation | I10: Technical Development | N10: Accumulation | Q10: Dynamic | S10: 1x20
B12: 1-ARM PRESS TO ELBOW SHOE BALANCE | E12: PUSH UP CRAWL | I12: 2KB BOTTOM-UP WAITER CARRY | M12: BW RACK SQUAT | O12: STICK DEADLIFT | S12: 1-LEG HINGE WITH ARMS STRETCHED
B14: ANKLE ROCKER SPLIT SQUAT | E14: SQUAT TOE STANCE | I14: LATERAL ANKLE SKIP | M14: 1-LEG C-SKIP | O14: SPLIT SQUAT DROP & CATCH | S14: REAKTIV CMJ
B15: Level E | G15: Block 1 | X15: Level
G16: Datum 1 | H16: Woche 1 | J16: Datum 2 | L16: Datum 3 | M16: Woche 2 | O16: Datum 4 | Q16: Datum 5 | R16: Woche 3 | T16: Datum 6 | X16: Level A
B17: Explosiv Block | G17: TEMPO | H17: RPE | I17: SxR | J17: GEWICHT | L17: TEMPO | M17: RPE | N17: SxR | O17: GEWICHT | Q17: TEMPO | R17: RPE | S17: SxR | T17: GEWICHT | X17: Level B
B18: 1 | C18: ANKLE JUMPS - DOUBLE CONTACT | G18: EXPL | I18: 3x3x10 | J18: BW | L18: EXPL | N18: 3x2x15 | O18: BW | Q18: EXPL | S18: 3x2x20 | T18: BW | X18: Level C
B19: 2 | C19: 1-LEG BASKETBALL SIDE TOSS AND CATCH - PARALLEL | G19: EXPL | I19: 3x5 | L19: EXPL | N19: 3x5 | Q19: EXPL | S19: 3x5 | X19: Level D
B20: 3 | C20: 1-LEG BASKETBALL SIDE TOSS AND CATCH - 90° | G20: EXPL | I20: 3x5 | L20: EXPL | N20: 3x5 | Q20: EXPL | S20: 3x5 | X20: Level E
B22: Kraft Block (UKK) | G22: GEWICHT | H22: RPE | I22: SxR | J22: GEWICHT | L22: =G22 -> GEWICHT | M22: RPE | N22: SxR | O22: GEWICHT | Q22: =L22 -> GEWICHT | R22: RPE | S22: SxR | T22: GEWICHT
B23: 1 | C23: BW RACK SQUAT | H23: 8-9 | I23: 1x20 | M23: 8-9 | N23: =I23 -> 1x20 | R23: 8-9 | S23: =N23 -> 1x20
B24: 2 | C24: 1-LEG HINGE WITH ARMS STRETCHED | H24: 8-9 | I24: 1x10/ea | M24: 8-9 | N24: =I24 -> 1x10/ea | R24: 8-9 | S24: =N24 -> 1x10/ea
B25: 3 | C25: PUSH UP PLANK TENNISBALL CATCH | H25: 8-9 | I25: 1x10ea | M25: 8-9 | N25: =I25 -> 1x10ea | R25: 8-9 | S25: =N25 -> 1x10ea
B26: 4 | C26: STICK DEADLIFT | H26: 8-9 | I26: 1x20 | M26: 8-9 | N26: =I26 -> 1x20 | R26: 8-9 | S26: 1x20
B27: 5 | C27: KB GOBLET SPLIT SQUAT | H27: 8-9 | I27: 1x20/ea | M27: 8-9 | N27: =I27 -> 1x20/ea | R27: 8-9 | S27: 1x20
B28: 6 | C28: SIDE PLANK WITH LEG ABDUCTION | H28: 8-9 | I28: 3x10s | M28: 8-9 | N28: =I28 -> 3x10s | R28: 8-9 | S28: =N28 -> 3x10s
B29: 7 | C29: CROSS STEP UP MEDIUM STEPPER | H29: 8-9 | I29: 1x20/ea | M29: 8-9 | N29: =I29 -> 1x20/ea | R29: 8-9 | S29: =N29 -> 1x20/ea
B30: 8 | C30: 1-LEG STANCE HEAD ROTATION - EYES FOCUS | H30: 8-9 | I30: 1x30s/ea | M30: 8-9 | N30: =I30 -> 1x30s/ea | R30: 8-9 | S30: =N30 -> 1x30s/ea
B31: 9 | C31: TK ANTI-ROTATION PRESS | H31: 8-9 | I31: 2x12/ea | M31: 8-9 | N31: =I31 -> 2x12/ea | R31: 8-9 | S31: =N31 -> 2x12/ea
B32: 10 | C32: GOBLET LATERAL SPLIT SQUAT TO BOX | H32: 8-9 | I32: 1x12/ea | M32: 8-9 | N32: =I32 -> 1x12/ea | R32: 8-9 | S32: =I32 -> 1x12/ea
B33: 11 | C33: 2-LEG MARCHING FORWARD GLUTE BRIDGE WITH BLACKROLL | H33: 8-9 | I33: 1x12 | M33: 8-9 | N33: =I33 -> 1x12 | R33: 8-9 | S33: =N33 -> 1x12
B34: 12 | C34: 1-LEG STANDING MINIBAND HIP EXTERNAL ROTATION | H34: 8-9 | I34: 1x20/ea | M34: 8-9 | N34: =I34 -> 1x20/ea | R34: 8-9 | S34: =N34 -> 1x20/ea
B35: 13 | C35: SIDE MARCH WITH MINIBAND OVER FOOT | H35: 8-9 | I35: 1x15m/ea | M35: 8-9 | N35: =I35 -> 1x15m/ea | R35: 8-9 | S35: =I35 -> 1x15m/ea
B36: 14 | C36: FOOT COPENHAGEN PLANK BLACKROLL | H36: 8-9 | I36: 3x10s/ea | M36: 8-9 | N36: =I36 -> 3x10s/ea | R36: 8-9 | S36: =N36 -> 3x10s/ea
B37: 15 | C37: SEATED TIBIA BAND RAISE | H37: 8-9 | I37: 1x20/ea | M37: 8-9 | N37: =I37 -> 1x20/ea | R37: 8-9 | S37: =N37 -> 1x20/ea
B38: 16 | C38: LOADED 1-LEG CALF RAISES | H38: 8-9 | I38: 1x20/ea | M38: 8-9 | N38: =I38 -> 1x20/ea | R38: 8-9 | S38: =N38 -> 1x20/ea
B39: Halteübungen 1
B40: 17 | C40: ISO HOLD 1-LEG CALF RAISE | H40: 8-9 | I40: 1x75s/ea | M40: 8-9 | N40: =I40 -> 1x75s/ea | R40: 8-9 | S40: =I40 -> 1x75s/ea
B41: 18 | C41: ISO HOLD 1-LEG GLUTE BRIDGE | H41: 8-9 | I41: 1x75s/ea | M41: 8-9 | N41: =I41 -> 1x75s/ea | R41: 8-9 | S41: =I41 -> 1x75s/ea
B42: 19 | C42: ISO HOLD SPLIT SQUAT | H42: 8-9 | I42: 1x75s/ea | M42: 8-9 | N42: =I42 -> 1x75s/ea | R42: 8-9 | S42: =N42 -> 1x75s/ea
V44: 1x15s/ea
V45: 2x12s/ea
V46: 1x25s/ea
V47: 1x30s/ea
V48: 1x45s/ea
V49: 1x60s/ea
V50: 1x75s/ea
V51: 1x90s/ea
V53: 3x10s/ea
V54: 2x30s/ea
V55: 1x30s
V56: 1x45s
V57: 2x12/ea

Sheet OberkörperE
E2: Körperkonstitution | O2: Logo
C3: Oberkörper
E4: Größe
C5: NAME | E5: Gewicht
C10: Preparatory | E10: General Preparation | I10: Technical Development | M10: Accumulation | Q10: Dynamic | S10: =UnterkörperA!#REF! -> #REF!
B12: 1-ARM PRESS TO ELBOW SHOE BALANCE | E12: PUSH UP CRAWL | H12: 2KB BOTTOM-UP WAITER CARRY | L12: BW RACK SQUAT | O12: STICK DEADLIFT | R12: 1-LEG HINGE WITH ARMS STRETCHED
B14: ANKLE ROCKER SPLIT SQUAT | E14: SQUAT TOE STANCE | H14: LATERAL ANKLE SKIP | L14: 1-LEG C-SKIP | O14: SPLIT SQUAT DROP & CATCH | R14: REAKTIV CMJ
B15: =UnterkörperE!B15 -> Level E | G15: Block 2
G16: Datum 1 | H16: Woche 1 | J16: Datum 2 | L16: Datum 3 | M16: Woche 2 | O16: Datum 4 | Q16: Datum 5 | R16: Woche 3 | T16: Datum 6
B17: Explosiv Block | G17: TEMPO | H17: RPE | I17: SxR | J17: GEWICHT | L17: TEMPO | M17: RPE | N17: SxR | O17: GEWICHT | Q17: TEMPO | R17: RPE | S17: SxR | T17: GEWICHT
B18: 1 | C18: REACTIVE SQUAT JUMP | G18: EXPL | I18: 3x5 | J18: BW | L18: EXPL | N18: 3x5 | O18: BW | Q18: EXPL | S18: 3x5 | T18: BW
B19: 2 | C19: 1-LEG BASKETBALL OH THROW WITH PARTNER | G19: EXPL | I19: 3x5 | J19: BB | L19: EXPL | N19: 3x5 | O19: BB | Q19: EXPL | S19: 3x5 | T19: BB
B20: 3 | C20: 1-LEG BASKETBALL CHEST PASS WITH PARTNER | G20: EXPL | I20: 3x5 | J20: BB | L20: EXPL | N20: 3x5 | O20: BB | Q20: EXPL | S20: 3x5 | T20: BB
B22: Kraft Block (OKK) | G22: GEWICHT | H22: RPE | I22: SxR | J22: GEWICHT | L22: =G22 -> GEWICHT | M22: RPE | N22: SxR | O22: GEWICHT | Q22: =L22 -> GEWICHT | R22: RPE | S22: SxR | T22: GEWICHT
B23: 1 | C23: ECC PUSH UP ON KNEE UP | H23: 8-9 | I23: 1x10 | M23: 8-9 | N23: =I23 -> 1x10 | R23: 8-9 | S23: =N23 -> 1x10
B24: 2 | C24: PULL UP ECC | H24: 8-9 | I24: 1x8 | M24: 8-9 | N24: =I24 -> 1x8 | R24: 8-9 | S24: =N24 -> 1x8
B25: 3 | C25: STRAIGHT LEG GET UP | H25: 8-9 | I25: 1x10ea | M25: 8-9 | N25: =I25 -> 1x10ea | R25: 8-9 | S25: =N25 -> 1x10ea
B26: 4 | C26: STANDING 1-ARM BAND ROW | H26: 8-9 | I26: 1x20 | M26: 8-9 | N26: =I26 -> 1x20 | R26: 8-9 | S26: 1x20
B27: 5 | C27: 1/2 KN 1-ARM OVERHEAD PRESS | H27: 8-9 | I27: 1x20/ea | M27: 8-9 | N27: =I27 -> 1x20/ea | R27: 8-9 | S27: =I27 -> 1x20/ea
B28: 6 | C28: SIDE PLANK WITH LEG ABDUCTION | H28: 8-9 | I28: 3x10s/ea | M28: 8-9 | N28: =I28 -> 3x10s/ea | R28: 8-9 | S28: =N28 -> 3x10s/ea
B29: 7 | C29: PRONE BENCH DB "V" RAISE | H29: 8-9 | I29: 1x20 | M29: 8-9 | N29: =I29 -> 1x20 | R29: 8-9 | S29: =N29 -> 1x20
B30: 8 | C30: STANDING BB BICEP CURL | H30: 8-9 | I30: 1x20 | M30: 8-9 | N30: =I30 -> 1x20 | R30: 8-9 | S30: =N30 -> 1x20
B31: 9 | C31: SUPPORTED DIPS | H31: 8-9 | I31: 1x20 | M31: 8-9 | N31: =I31 -> 1x20 | R31: 8-9 | S31: =N31 -> 1x20
B32: 10 | C32: PUSH UP CRAWL | H32: 8-9 | I32: 1x10m | M32: 8-9 | N32: 1x12m | R32: 8-9 | S32: 1x15m
B33: 11 | C33: LOADED ARM SUPINATION/PRONATION | H33: 8-9 | I33: 1x20/ea | M33: 8-9 | N33: =I33 -> 1x20/ea | R33: 8-9 | S33: =N33 -> 1x20/ea
B34: 12 | C34: FLEXBAR BREAKING DOWN | H34: 8-9 | I34: 1x20/ea | M34: 8-9 | N34: =I34 -> 1x20/ea | R34: 8-9 | S34: =N34 -> 1x20/ea
B35: Halteübungen 2
B36: 13 | C36: ISO HOLD FT ELEVATED PUSH UP PLANK | H36: 8-9 | I36: 1x45s | M36: 8-9 | N36: 1x45s | R36: 8-9 | S36: =N36 -> 1x45s
B37: 14 | C37: ISO HOLD PULL UP ACTIVE LOW | H37: 8-9 | I37: 1x45s | M37: =H37 -> 8-9 | N37: =I37 -> 1x45s | R37: =M37 -> 8-9 | S37: =N37 -> 1x45s
B38: 15 | C38: ISO HOLD PRONE BENCH "V" | H38: 8-9 | I38: 1x45s | M38: 8-9 | N38: =I38 -> 1x45s | R38: 8-9 | S38: =N36 -> 1x45s
B39: 16 | C39: ISO HOLD 1/2 KN 1-ARM LANDMINE OVERHEAD PRESS | H39: 8-9 | I39: 1x45s/ea | M39: 8-9 | N39: =I39 -> 1x45s/ea | R39: 8-9 | S39: =I39 -> 1x45s/ea
V40: 1x15s
V41: 1x20s
V42: 1x25s
V43: 1x30s
V44: 1x45s
V45: 1x60s
V46: 1x8
V47: 1x10
V48: 3x10s
V49: 1x20
V50: 1x45ea

Sheet UnterkörperF
E2: Körperkonstitution | O2: Logo
C3: Unterkörper
E4: Größe
C5: NAME | E5: Gewicht
C10: Preparatory | E10: General Preparation | I10: Technical Development | N10: Accumulation | Q10: Dynamic | S10: 1x20
B12: TGU - ELBOW TO POST SHOE BALANCE | E12: LATERAL PUSH UP CRAWL | I12: 1KB OVERHEAD CARRY | M12: BW 1-ARM OVERHEAD SQUAT | O12: 1 KB DEADLIFT | S12: 1-LEG HINGE WITH MED/PEZZIBALL
B14: ANKLE ROCKER MOONWALK | E14: 1-LEG TOE STANCE | I14: LATERAL BOUND | M14: C-SKIP | O14: SPLIT SQUAT DROP & CATCH & JUMP | S14: SQUAT JUMPS
B15: Level F | G15: Block 1 | X15: Level
G16: Datum 1 | H16: Woche 1 | J16: Datum 2 | L16: Datum 3 | M16: Woche 2 | O16: Datum 4 | Q16: Datum 5 | R16: Woche 3 | T16: Datum 6 | X16: Level A
B17: Explosiv Block | G17: TEMPO | H17: RPE | I17: SxR | J17: GEWICHT | L17: TEMPO | M17: RPE | N17: SxR | O17: GEWICHT | Q17: TEMPO | R17: RPE | S17: SxR | T17: GEWICHT | X17: Level B
B18: 1 | C18: ANKLE JUMPS | G18: EXPL | I18: 3x3x10 | J18: BW | L18: EXPL | N18: 3x2x15 | O18: BW | Q18: EXPL | S18: 3x2x20 | T18: BW | X18: Level C
B19: 2 | C19: 1-LEG BASKETBALL SIDE TOSS - PARALLEL | G19: EXPL | I19: 3x5 | L19: EXPL | N19: 3x5 | Q19: EXPL | S19: 3x5 | X19: Level D
B20: 3 | C20: 1-LEG BASKETBALL SIDE TOSS - 90° | G20: EXPL | I20: 3x5 | L20: EXPL | N20: 3x5 | Q20: EXPL | S20: 3x5 | X20: Level E
X21: Level F
B22: Kraft Block (UKK) | G22: GEWICHT | H22: RPE | I22: SxR | J22: GEWICHT | L22: =G22 -> GEWICHT | M22: RPE | N22: SxR | O22: GEWICHT | Q22: =L22 -> GEWICHT | R22: RPE | S22: SxR | T22: GEWICHT
B23: 1 | C23: BW 1-ARM OVERHEAD SQUAT | H23: 8-9 | I23: 1x10/ea | M23: 8-9 | N23: =I23 -> 1x10/ea | R23: 8-9 | S23: =N23 -> 1x10/ea
B24: 2 | C24: 1-LEG HINGE WITH MED/PEZZIBALL | H24: 8-9 | I24: 1x20/ea | M24: 8-9 | N24: =I24 -> 1x20/ea | R24: 8-9 | S24: =N24 -> 1x20/ea
B25: 3 | C25: PLANK - SWITCH ON BACK | H25: 8-9 | I25: 1x10/ea | M25: 8-9 | N25: =I25 -> 1x10/ea | R25: 8-9 | S25: =N25 -> 1x10/ea
B26: 4 | C26: 1 KB DEADLIFT | H26: 8-9 | I26: 1x20/ea | M26: 8-9 | N26: =I26 -> 1x20/ea | R26: 8-9 | S26: 1x20
B27: 5 | C27: BW BULGARIAN SPLIT SQUAT | H27: 8-9 | I27: 1x20/ea | M27: 8-9 | N27: =I27 -> 1x20/ea | R27: 8-9 | S27: 1x20
B28: 6 | C28: FT ELEVATED SIDE PLANK - BLACKROLL | H28: 8-9 | I28: 3x10s | M28: 8-9 | N28: =I28 -> 3x10s | R28: 8-9 | S28: =N28 -> 3x10s
B29: 7 | C29: CROSS STEP UP HIGH STEPPER | H29: 8-9 | I29: 1x20/ea | M29: 8-9 | N29: =I29 -> 1x20/ea | R29: 8-9 | S29: =N29 -> 1x20/ea
B30: 8 | C30: 1-LEG STANCE HEAD UP AND DOWN - EYES FOCUS | H30: 8-9 | I30: 1x30s/ea | M30: 8-9 | N30: =I30 -> 1x30s/ea | R30: 8-9 | S30: =N30 -> 1x30s/ea
B31: 9 | C31: TK ANTI-ROTATION PRESS TO OVERHEAD | H31: 8-9 | I31: 2x12/ea | M31: 8-9 | N31: =I31 -> 2x12/ea | R31: 8-9 | S31: =N31 -> 2x12/ea
B32: 10 | C32: GOBLET LATERAL SPLIT SQUAT | H32: 8-9 | I32: 1x10/ea | M32: 8-9 | N32: 1x12m | R32: 8-9 | S32: 1x15m
B33: 11 | C33: 2-LEG CURL WITH PEZZIBALL | H33: 8-9 | I33: 1x20 | M33: 8-9 | N33: =I33 -> 1x20 | R33: 8-9 | S33: =N33 -> 1x20
B34: 12 | C34: 1-LEG STANDING MINIBAND HIP EXTERNAL ROTATION | H34: 8-9 | I34: 1x20/ea | M34: 8-9 | N34: =I34 -> 1x20/ea | R34: 8-9 | S34: =N34 -> 1x20/ea
B35: 13 | C35: SIDE MARCH WITH MINIBAND OVER KNEE HEAVY BAND | H35: 8-9 | I35: 1x15m/ea | M35: 8-9 | N35: =I35 -> 1x15m/ea | R35: 8-9 | S35: =I35 -> 1x15m/ea
B36: 14 | C36: FOOT COPENHAGEN PLANK TRX | H36: 8-9 | I36: 3x10s/ea | M36: 8-9 | N36: =I36 -> 3x10s/ea | R36: 8-9 | S36: =N36 -> 3x10s/ea
B37: 15 | C37: SEATED TIBIA BAND RAISE | H37: 8-9 | I37: 1x20/ea | M37: 8-9 | N37: =I37 -> 1x20/ea | R37: 8-9 | S37: =N37 -> 1x20/ea
B38: 16 | C38: LOADED 1-LEG CALF RAISES | H38: 8-9 | I38: 1x20/ea | M38: 8-9 | N38: =I38 -> 1x20/ea | R38: 8-9 | S38: =N38 -> 1x20/ea
B39: Halteübungen 1
B40: 17 | C40: ISO HOLD 1-LEG CALF RAISE | H40: 8-9 | I40: 1x90s/ea | M40: 8-9 | N40: =I40 -> 1x90s/ea | R40: 8-9 | S40: =I40 -> 1x90s/ea
B41: 18 | C41: ISO HOLD 1-LEG GLUTE BRIDGE | H41: 8-9 | I41: 1x90s/ea | M41: 8-9 | N41: =I41 -> 1x90s/ea | R41: 8-9 | S41: =I41 -> 1x90s/ea
B42: 19 | C42: ISO HOLD SPLIT SQUAT | H42: 8-9 | I42: 1x90s/ea | M42: 8-9 | N42: =I42 -> 1x90s/ea | R42: 8-9 | S42: =N42 -> 1x90s/ea
V44: 1x15s/ea
V45: 2x12s/ea
V46: 1x25s/ea
V47: 1x30s/ea
V48: 1x45s/ea
V49: 1x60s/ea
V50: 1x75s/ea
V51: 1x90s/ea
V53: 3x10s/ea
V54: 2x30s/ea
V55: 1x30s
V56: 1x45s
V57: 2x12/ea

Sheet OberkörperF
E2: Körperkonstitution | O2: Logo
C3: Oberkörper
E4: Größe
C5: NAME | E5: Gewicht
C10: Preparatory | E10: General Preparation | I10: Technical Development | M10: Accumulation | Q10: Dynamic | S10: =UnterkörperA!#REF! -> #REF!
B12: TGU - ELBOW TO POST SHOE BALANCE | E12: LATERAL PUSH UP CRAWL | H12: 1KB OVERHEAD CARRY | L12: BW 1-ARM OVERHEAD SQUAT | O12: 1 KB DEADLIFT | R12: 1-LEG HINGE WITH MED/PEZZIBALL
B14: ANKLE ROCKER MOONWALK | E14: 1-LEG TOE STANCE | H14: LATERAL BOUND | L14: C-SKIP | O14: SPLIT SQUAT DROP & CATCH & JUMP | S14: SQUAT JUMPS
B15: =UnterkörperF!B15 -> Level F | G15: Block 2
G16: Datum 1 | H16: Woche 1 | J16: Datum 2 | L16: Datum 3 | M16: Woche 2 | O16: Datum 4 | Q16: Datum 5 | R16: Woche 3 | T16: Datum 6
B17: Explosiv Block | G17: TEMPO | H17: RPE | I17: SxR | J17: GEWICHT | L17: TEMPO | M17: RPE | N17: SxR | O17: GEWICHT | Q17: TEMPO | R17: RPE | S17: SxR | T17: GEWICHT
B18: 1 | C18: REACTIVE CMJ | G18: EXPL | I18: 3x5 | J18: BW | L18: EXPL | N18: 3x5 | O18: BW | Q18: EXPL | S18: 3x5 | T18: BW
B19: 2 | C19: 1-LEG BASKETBALL OH THROW INTO WALL | G19: EXPL | I19: 3x5 | J19: BB | L19: EXPL | N19: 3x5 | O19: BB | Q19: EXPL | S19: 3x5 | T19: BB
B20: 3 | C20: 1-LEG BASKETBALL CHEST PASSES INTO WALL | G20: EXPL | I20: 3x5 | J20: BB | L20: EXPL | N20: 3x5 | O20: BB | Q20: EXPL | S20: 3x5 | T20: BB
B22: Kraft Block (OKK) | G22: GEWICHT | H22: RPE | I22: SxR | J22: GEWICHT | L22: =G22 -> GEWICHT | M22: RPE | N22: SxR | O22: GEWICHT | Q22: =L22 -> GEWICHT | R22: RPE | S22: SxR | T22: GEWICHT
B23: 1 | C23: PUSH UP | H23: 8-9 | I23: 1x10 | M23: 8-9 | N23: =I23 -> 1x10 | R23: 8-9 | S23: =N23 -> 1x10
B24: 2 | C24: BAND SUPPORTED PULL UP | H24: 8-9 | I24: 1x8 | M24: 8-9 | N24: =I24 -> 1x8 | R24: 8-9 | S24: =N24 -> 1x8
B25: 3 | C25: PUSH UP PLANK TENNISBALL CATCH | H25: 8-9 | I25: 1x10ea | M25: 8-9 | N25: =I25 -> 1x10ea | R25: 8-9 | S25: =N25 -> 1x10ea
B26: 4 | C26: 3-POINT HINGE ROW | H26: 8-9 | I26: 1x20 | M26: 8-9 | N26: =I26 -> 1x20 | R26: 8-9 | S26: 1x20
B27: 5 | C27: STANDING 1-ARM OVERHEAD PRESS | H27: 8-9 | I27: 1x20/ea | M27: 8-9 | N27: =I27 -> 1x20/ea | R27: 8-9 | S27: =I27 -> 1x20/ea
B28: 6 | C28: FT ELEVATED SIDE PLANK - BLACKROLL | H28: 8-9 | I28: 3x10s/ea | M28: 8-9 | N28: =I28 -> 3x10s/ea | R28: 8-9 | S28: =N28 -> 3x10s/ea
B29: 7 | C29: PRONE "T", "V" RAISE | H29: 8-9 | I29: 1x20 | M29: 8-9 | N29: =I29 -> 1x20 | R29: 8-9 | S29: =N29 -> 1x20
B30: 8 | C30: STANDING BB BICEP CURL | H30: 8-9 | I30: 1x20 | M30: 8-9 | N30: =I30 -> 1x20 | R30: 8-9 | S30: =N30 -> 1x20
B31: 9 | C31: SUPPORTED DIPS | H31: 8-9 | I31: 1x20 | M31: 8-9 | N31: =I31 -> 1x20 | R31: 8-9 | S31: =N31 -> 1x20
B32: 10 | C32: LATERAL PUSH UP CRAWL | H32: 8-9 | I32: 1x10m | M32: 8-9 | N32: 1x12m | R32: 8-9 | S32: 1x15m
B33: 11 | C33: LOADED ARM SUPINATION/PRONATION | H33: 8-9 | I33: 1x20/ea | M33: 8-9 | N33: =I33 -> 1x20/ea | R33: 8-9 | S33: =N33 -> 1x20/ea
B34: 12 | C34: FLEXBAR BREAKING UP | H34: 8-9 | I34: 1x20/ea | M34: 8-9 | N34: =I34 -> 1x20/ea | R34: 8-9 | S34: =N34 -> 1x20/ea
B35: Halteübungen 2
B36: 13 | C36: ISO HOLD FT ELEVATED PUSH UP PLANK | H36: 8-9 | I36: 1x60s | M36: 8-9 | N36: 1x60s | R36: 8-9 | S36: =N36 -> 1x60s
B37: 14 | C37: ISO HOLD PULL UP ACTIVE LOW | H37: 8-9 | I37: 1x60s | M37: =H37 -> 8-9 | N37: =I37 -> 1x60s | R37: =M37 -> 8-9 | S37: =N37 -> 1x60s
B38: 15 | C38: ISO HOLD PRONE BENCH "V" | H38: 8-9 | I38: 1x60s | M38: 8-9 | N38: =I38 -> 1x60s | R38: 8-9 | S38: =N36 -> 1x60s
B39: 16 | C39: ISO HOLD 1/2 KN 1-ARM LANDMINE OVERHEAD PRESS | H39: 8-9 | I39: 1x60s/ea | M39: 8-9 | N39: =I39 -> 1x60s/ea | R39: 8-9 | S39: =I39 -> 1x60s/ea
V40: 1x15s
V41: 1x20s
V42: 1x25s
V43: 1x30s
V44: 1x45s
V45: 1x60s
V46: 1x8
V47: 1x10
V48: 3x10s
V49: 1x20
V50: 1x45ea

Sheet Unterkörper1
E2: Körperkonstitution | O2: Logo
C3: Unterkörper
E4: Größe
C5: NAME | E5: Gewicht
C10: Preparatory | E10: General Preparation | I10: Technical Development | N10: Accumulation | Q10: Dynamic | S10: 2x12
B12: Bewegungshygiene 1 (BH1)
B13: TGU - BEND TO 1/2-KN. | E13: LOADED FOOT HAND CRAWL | G13: 1KB SUITCASE CARRY | J13: KB/BW GOBLET SQUAT | N13: 1-ARM 1KB SUMO DEADLIFT | R13: LANDMINE 1-LEG DEADLIFT TO BOX
B14: Bewegungshygiene 2 (BH2)
B15: ANKLE ROCKER 1-LEG SQUAT | E15: ANKLE POS. 1 15 SEC | G15: LOADED ANKLE MARCH | J15: LATERAL SKIP | N15: 1-LEG MEDIAL HOP - TO BOX (NCM) | R15: LOADED SQUAT JUMP TO BOX
B17: LEVEL 1 | G17: Block 1
G18: Datum 1 | H18: Woche 1 | J18: Datum 2 | L18: Datum 3 | M18: Woche 2 | O18: Datum 4 | Q18: Datum 5 | R18: Woche 3 | T18: Datum 6
B19: Explosiv Block | G19: GEWICHT | H19: TEMPO | I19: SxR | J19: GEWICHT | L19: TEMPO | M19: RPE | N19: SxR | O19: GEWICHT | Q19: TEMPO | R19: RPE | S19: SxR | T19: GEWICHT
B20: 1 | C20: RESISTED ANKLE JUMPS | H20: EXPL | I20: 3x5 | J20: BW | L20: EXPL | N20: 3x5 | O20: BW | Q20: EXPL | S20: 3x5 | T20: BW
B21: 2 | C21: 1-LEG MEDBALL SIDE TOSS - PARALLEL | H21: EXPL | I21: 3x5 | J21: 2kg | L21: EXPL | N21: 3x5 | O21: =J21 -> 2kg | Q21: EXPL | S21: 3x5 | T21: =J21 -> 2kg
B22: 3 | C22: 1-LEG MEDBALL SIDE TOSS - 90° | H22: EXPL | I22: 3x5 | J22: 2kg | L22: EXPL | N22: 3x5 | O22: =J22 -> 2kg | Q22: EXPL | S22: 3x5 | T22: =J22 -> 2kg
B24: Kraft Block (UKK) | G24: GEWICHT | H24: TEMPO | I24: SxR/RPE 8-9 | J24: GEWICHT | L24: =G24 -> GEWICHT | M24: TEMPO | N24: =I24 -> SxR/RPE 8-9 | O24: GEWICHT | Q24: =L24 -> GEWICHT | R24: TEMPO | S24: =I24 -> SxR/RPE 8-9 | T24: GEWICHT
B25: 1 | C25: KB GOBLET SQUAT | H25: 3-1-1-0 | I25: 1x20 | M25: =H25 -> 3-1-1-0 | N25: =I25 -> 1x20 | R25: =M25 -> 3-1-1-0 | S25: =N25 -> 1x20
B26: 2 | C26: LOADED 2-LEG GLUTE BRIDGE | H26: 3-1-1-0 | I26: 1x20 | M26: =H26 -> 3-1-1-0 | N26: =I26 -> 1x20 | R26: =M26 -> 3-1-1-0 | S26: =N26 -> 1x20
B27: 3 | C27: PLANK - SANDBAG PULL THROUGH | H27: ISO | I27: 1x20 | M27: =H27 -> ISO | N27: =I27 -> 1x20 | R27: =H27 -> ISO | S27: =N27 -> 1x20
B29: 4 | C29: 1 KB DEADLIFT | H29: 3-1-1-0 | I29: 1x20 | M29: =H29 -> 3-1-1-0 | N29: =I29 -> 1x20 | R29: =H29 -> 3-1-1-0 | S29: =N29 -> 1x20
B30: 5 | C30: KB GOBLET SPLIT SQUAT | H30: 3-1-1-1 | I30: 1x20 | M30: =H30 -> 3-1-1-1 | N30: =I30 -> 1x20 | R30: =H29 -> 3-1-1-0 | S30: =N30 -> 1x20
B31: 6 | C31: FT ELEVATED SIDE PLANK - BLACKROLL | H31: 2-1-1-0 | I31: 3x10s ea | M31: =H31 -> 2-1-1-0 | N31: =I31 -> 3x10s ea | R31: =H31 -> 2-1-1-0 | S31: =N31 -> 3x10s ea
B33: Kraft Block (Ukp) | G33: GEWICHT | H33: TEMPO | I33: SxR/RPE 8-9 | J33: GEWICHT | L33: GEWICHT | M33: TEMPO | N33: =I33 -> SxR/RPE 8-9 | O33: GEWICHT | Q33: GEWICHT | R33: TEMPO | S33: =I33 -> SxR/RPE 8-9 | T33: GEWICHT
B34: 7 | C34: CROSS STEP UP HIGH STEPPER | H34: 3-1-1-1 | I34: 1x20 | M34: =H34 -> 3-1-1-1 | N34: =I34 -> 1x20 | R34: =H34 -> 3-1-1-1 | S34: =I34 -> 1x20
B35: 8 | C35: 1/2-KN ANTIROTATION HOLD - BAND | H35: ISO | I35: 3x10s ea | M35: =H35 -> ISO | N35: =I35 -> 3x10s ea | R35: =H35 -> ISO | S35: =N35 -> 3x10s ea
B36: 9 | C36: STANDING MINIBAND HIP EXTERNAL ROTATION | H36: 2-1-1-0 | I36: 1x20 | M36: =H36 -> 2-1-1-0 | N36: =I36 -> 1x20 | R36: =H36 -> 2-1-1-0 | S36: =N36 -> 1x20
B38: 10 | C38: SIDE MARCH WITH MINIBAND OVER KNEE | H38: 3-1-1-1 | I38: 1x20 | M38: =H38 -> 3-1-1-1 | N38: =I38 -> 1x20 | R38: =H38 -> 3-1-1-1 | S38: =N38 -> 1x20
B39: 11 | C39: LOADED FOOT COPENHAGEN PLANK BLACKROLL | H39: ISO | I39: 3x10s ea | M39: =H39 -> ISO | N39: =I39 -> 3x10s ea | R39: =H39 -> ISO | S39: =N39 -> 3x10s ea
B40: 12 | C40: TIBIALIS WALL RAISES | H40: 3-1-1-0 | I40: 1x20 | M40: =H40 -> 3-1-1-0 | N40: =I40 -> 1x20 | R40: =H40 -> 3-1-1-0 | S40: =N40 -> 1x20
B42: Halteübungen (Ukiso) | G42: GEWICHT | H42: TEMPO | I42: SxR/RPE 9 | J42: GEWICHT | L42: =G42 -> GEWICHT | M42: TEMPO | N42: =I42 -> SxR/RPE 9 | O42: GEWICHT | Q42: =L42 -> GEWICHT | R42: TEMPO | S42: =I42 -> SxR/RPE 9 | T42: GEWICHT
B43: 13 | C43: ISO HOLD 1-LEG CALF RAISE | H43: ISO | I43: 1x30s | M43: =H43 -> ISO | N43: =I43 -> 1x30s | R43: =H43 -> ISO | S43: =N43 -> 1x30s
B44: 14 | C44: ISO HOLD SPLIT SQUAT | H44: ISO | I44: 1x30s | M44: =H43 -> ISO | N44: =I44 -> 1x30s | R44: =H43 -> ISO | S44: =N44 -> 1x30s
B45: 15 | C45: 1-LEG HAMSTRING BRIDGE | H45: ISO | I45: 1x30s | M45: =H43 -> ISO | N45: =I45 -> 1x30s | R45: =H43 -> ISO | S45: =N45 -> 1x30s

Sheet Oberkörper1
E2: Körperkonstitution | O2: Logo
C3: Oberkörper
E4: Größe
C5: NAME | E5: Gewicht
C10: Preparatory | E10: General Preparation | I10: Technical Development | M10: Accumulation | Q10: Dynamic | S10: 2x12
B12: Bewegungshygiene 1 (BH1)
B13: =Unterkörper1!B13 -> TGU - BEND TO 1/2-KN. | E13: =Unterkörper1!E13 -> LOADED FOOT HAND CRAWL | G13: =Unterkörper1!G13 -> 1KB SUITCASE CARRY | J13: =Unterkörper1!J13 -> KB/BW GOBLET SQUAT | N13: =Unterkörper1!N13 -> 1-ARM 1KB SUMO DEADLIFT | R13: =Unterkörper1!R13 -> LANDMINE 1-LEG DEADLIFT TO BOX
B14: Bewegungshygiene 2 (BH2)
B15: =Unterkörper1!B15 -> ANKLE ROCKER 1-LEG SQUAT | E15: =Unterkörper1!E15 -> ANKLE POS. 1 15 SEC | G15: =Unterkörper1!G15 -> LOADED ANKLE MARCH | J15: =Unterkörper1!J15 -> LATERAL SKIP | N15: =Unterkörper1!N15 -> 1-LEG MEDIAL HOP - TO BOX (NCM) | R15: =Unterkörper1!R15 -> LOADED SQUAT JUMP TO BOX
B16: =Unterkörper1!B17 -> LEVEL 1 | G16: Block 2
G17: Datum 1 | H17: Woche 1 | J17: Datum 2 | L17: Datum 3 | M17: Woche 2 | O17: Datum 4 | Q17: Datum 5 | R17: Woche 3 | T17: Datum 6
B18: Explosiv Block | G18: GEWICHT | H18: TEMPO | I18: SxR | J18: GEWICHT | L18: GEWICHT | M18: TEMPO | N18: SxR | O18: GEWICHT | Q18: GEWICHT | R18: TEMPO | S18: SxR | T18: GEWICHT
B19: 1 | C19: REACTIVE BOX SQUAT JUMP | H19: EXPL | I19: 3x5 | J19: BW | M19: =H19 -> EXPL | N19: 3x5 | O19: BW | R19: =H19 -> EXPL | S19: 3x5 | T19: BW
B20: 2 | C20: 1/2-KN MB OH THROW & CATCH | H20: EXPL | I20: 3x5 | J20: 1kg | M20: =H20 -> EXPL | N20: 3x5 | O20: =J20 -> 1kg | R20: =H20 -> EXPL | S20: 3x5 | T20: =J20 -> 1kg
B21: 3 | C21: 1/2-KN MB CHEST PASS & CATCH | H21: EXPL | I21: 3x5 | J21: 1kg | M21: =H21 -> EXPL | N21: 3x5 | O21: =J21 -> 1kg | R21: =H21 -> EXPL | S21: 3x5 | T21: =J21 -> 1kg
B23: Kraft Block (OKK) | G23: GEWICHT | H23: TEMPO | I23: SxR/RPE 7-8 | J23: GEWICHT | L23: =G23 -> GEWICHT | M23: TEMPO | N23: =I23 -> SxR/RPE 7-8 | O23: GEWICHT | Q23: =L23 -> GEWICHT | R23: TEMPO | S23: =I23 -> SxR/RPE 7-8 | T23: GEWICHT
B24: 1 | C24: 1/2-KN 1-ARM CABLE/BAND PRESS | H24: 2-1-1-0 | I24: 1x20 | M24: =H24 -> 2-1-1-0 | N24: =I24 -> 1x20 | R24: =H24 -> 2-1-1-0 | S24: =I24 -> 1x20
B25: 2 | C25: 1/2-KN 1-ARM BAND PULLDOWN | H25: 2-1-1-0 | I25: 1x20 | M25: =H25 -> 2-1-1-0 | N25: =I25 -> 1x20 | R25: =H25 -> 2-1-1-0 | S25: =I25 -> 1x20
B26: 3 | C26: LOADED FOOT HAND CRAWL | H26: 1-1-1-1 | I26: 2x15m | N26: =I26 -> 2x15m | S26: =I26 -> 2x15m
B28: 4 | C28: STANDING 1-ARM BAND/CABLE ROW | H28: 2-1-1-0 | I28: 1x20 | M28: =H28 -> 2-1-1-0 | N28: =I28 -> 1x20 | R28: =H28 -> 2-1-1-0 | S28: =I28 -> 1x20
B29: 5 | C29: 1/2 KN 1-ARM OVERHEAD PRESS | H29: 2-1-1-0 | I29: 1x20 | M29: =H29 -> 2-1-1-0 | N29: =I29 -> 1x20 | R29: =H29 -> 2-1-1-0 | S29: =I29 -> 1x20
B30: 6 | C30: PLANK - SWITCH ON BACK | H30: ISO | I30: 1x20 | M30: =H30 -> ISO | N30: =I30 -> 1x20 | R30: =H30 -> ISO | S30: =I30 -> 1x20
B32: Kraft Block (Okp) | G32: GEWICHT | H32: TEMPO | I32: SxR/RPE 8-9 | J32: GEWICHT | L32: GEWICHT | M32: TEMPO | N32: =I32 -> SxR/RPE 8-9 | O32: GEWICHT | Q32: GEWICHT | R32: TEMPO | S32: =I32 -> SxR/RPE 8-9 | T32: GEWICHT
B33: 7 | C33: STANDING BB BICEP CURL | H33: 2-1-1-0 | I33: 1x20 | M33: =H33 -> 2-1-1-0 | N33: =I33 -> 1x20 | R33: =H33 -> 2-1-1-0 | S33: =I33 -> 1x20
B34: 8 | C34: STANDING BAND/CABLE TRICEP CURL | H34: 2-1-1-0 | I34: 1x20 | M34: =H34 -> 2-1-1-0 | N34: =I34 -> 1x20 | R34: =H34 -> 2-1-1-0 | S34: =I34 -> 1x20
B35: 9 | C35: FT ELEVATED SIDE PLANK - BLACKROLL | H35: ISO | I35: 3x10s ea | M35: =H35 -> ISO | N35: =I35 -> 3x10s ea | R35: =H35 -> ISO | S35: =I35 -> 3x10s ea
B37: 10 | C37: LOADED ARM SUPINATION/PRONATION | H37: 2-1-1-0 | I37: 1x20 | M37: =H37 -> 2-1-1-0 | N37: =I37 -> 1x20 | R37: =H37 -> 2-1-1-0 | S37: =I37 -> 1x20
B38: 11 | C38: FLEXBAR WRING VERTICAL | H38: 5-0-3-0 | I38: 1x20 | M38: =H38 -> 5-0-3-0 | N38: =I38 -> 1x20 | R38: =H38 -> 5-0-3-0 | S38: =I38 -> 1x20
B39: 12 | C39: STANDING BAND PULL APART | H39: 3-1-1-1 | I39: 1x20 | M39: =H39 -> 3-1-1-1 | N39: =I39 -> 1x20 | R39: =H39 -> 3-1-1-1 | S39: =I39 -> 1x20
B41: Halteübungen (Okiso) | G41: GEWICHT | H41: TEMPO | I41: SxR/RPE 9 | J41: GEWICHT | L41: =G41 -> GEWICHT | M41: TEMPO | N41: =I41 -> SxR/RPE 9 | O41: GEWICHT | Q41: =L41 -> GEWICHT | R41: TEMPO | S41: =I41 -> SxR/RPE 9 | T41: GEWICHT
B42: 13 | C42: PUSH UP PLANK | H42: ISO | I42: 1x30s | M42: =H42 -> ISO | N42: =I42 -> 1x30s | R42: =H42 -> ISO | S42: =N42 -> 1x30s
B43: 14 | C43: ISO HOLD PRONE BENCH "T" | H43: ISO | I43: 1x30s | M43: =H43 -> ISO | N43: =I43 -> 1x30s | R43: =H43 -> ISO | S43: =N43 -> 1x30s
B44: 15 | C44: 1/2-KN LANDMINE PRESS-ISO HOLD | H44: ISO | I44: 1x30s | M44: =H44 -> ISO | N44: =I44 -> 1x30s | R44: =H44 -> ISO | S44: =N44 -> 1x30s

Sheet Unterkörper2
E2: Körperkonstitution | O2: Logo
C3: Unterkörper
E4: Größe
C5: NAME | E5: Gewicht
C10: Preparatory | E10: General Preparation | I10: Technical Development | N10: Accumulation | Q10: Dynamic | S10: 2x12
B12: Bewegungshygiene 1 (BH1)
B13: TGU - 1/2-KN. TO STAND | E13: LOADED BKWD CRAWL | G13: 1KB 1-ARM RACK CARRY | J13: KB/BW GOBLET SQUAT | N13: 2KB SUITCASE DEADLIFT | R13: 1KB 1-LEG DEADLIFT TO BOX
B14: Bewegungshygiene 2 (BH2)
B15: LOADED ANKLE ROCKER PUSH PULL | E15: ANKLE POS. 1 30 SEC | G15: LOADED ANKLE SKIPS | J15: KNEE RUN | N15: 1-LEG LINEAR HOP - TO BOX (NCM) | R15: LOADED CMJ TO BOX
B17: LEVEL 2 | G17: Block 1
G18: Datum 1 | H18: Woche 1 | J18: Datum 2 | L18: Datum 3 | M18: Woche 2 | O18: Datum 4 | Q18: Datum 5 | R18: Woche 3 | T18: Datum 6
B19: Explosiv Block | G19: GEWICHT | H19: TEMPO | I19: SxR | J19: GEWICHT | L19: TEMPO | M19: RPE | N19: SxR | O19: GEWICHT | Q19: TEMPO | R19: RPE | S19: SxR | T19: GEWICHT
B20: 1 | C20: ASSISTED ANKLE JUMPS | H20: EXPL | I20: 3x5 | J20: BW | L20: EXPL | N20: 3x5 | O20: BW | Q20: EXPL | S20: 3x5 | T20: BW
B21: 2 | C21: SPLIT SQUAT MEDBALL SIDE TOSS AND CATCH - PARALLEL | H21: EXPL | I21: 3x5 | J21: 2kg | L21: EXPL | N21: 3x5 | O21: =J21 -> 2kg | Q21: EXPL | S21: 3x5 | T21: =J21 -> 2kg
B22: 3 | C22: SPLIT SQUAT MEDBALL SIDE TOSS AND CATCH - 90° | H22: EXPL | I22: 3x5 | J22: 2kg | L22: EXPL | N22: 3x5 | O22: =J22 -> 2kg | Q22: EXPL | S22: 3x5 | T22: =J22 -> 2kg
B24: Kraft Block (UKK) | G24: GEWICHT | H24: TEMPO | I24: SxR/RPE 8-9 | J24: GEWICHT | L24: =G24 -> GEWICHT | M24: TEMPO | N24: =I24 -> SxR/RPE 8-9 | O24: GEWICHT | Q24: =L24 -> GEWICHT | R24: TEMPO | S24: =I24 -> SxR/RPE 8-9 | T24: GEWICHT
B25: 1 | C25: BW RACK SQUAT | H25: 3-1-1-0 | I25: 1x15 | M25: =H25 -> 3-1-1-0 | N25: =I25 -> 1x15 | R25: =M25 -> 3-1-1-0 | S25: =N25 -> 1x15
B26: 2 | C26: LOADED 1-LEG GLUTE BRIDGE | H26: 3-1-1-1 | I26: 1x15 | M26: =H26 -> 3-1-1-1 | N26: =I26 -> 1x15 | R26: =M26 -> 3-1-1-1 | S26: =N26 -> 1x15
B27: 3 | C27: PUSH UP PLANK SHOULDER TAP AND TENNISBALL CATCH | H27: ISO | I27: 1x15 | M27: =H27 -> ISO | N27: =I27 -> 1x15 | R27: =H27 -> ISO | S27: =N27 -> 1x15
B29: 4 | C29: 1 KB DEADLIFT | H29: 3-1-1-0 | I29: 1x15 | M29: =H29 -> 3-1-1-0 | N29: =I29 -> 1x15 | R29: =H29 -> 3-1-1-0 | S29: =N29 -> 1x15
B30: 5 | C30: 2 KB SUITCASE SPLIT SQUAT | H30: 3-1-1-1 | I30: 1x15 | M30: =H30 -> 3-1-1-1 | N30: =I30 -> 1x15 | R30: =H29 -> 3-1-1-0 | S30: =N30 -> 1x15
B31: 6 | C31: BENCH OBLIQUE ISO HOLD - CHEST | H31: ISO | I31: 3x10s ea | M31: =H31 -> ISO | N31: =I31 -> 3x10s ea | R31: =H31 -> ISO | S31: =N31 -> 3x10s ea
B33: Kraft Block (Ukp) | G33: GEWICHT | H33: TEMPO | I33: SxR/RPE 8-9 | J33: GEWICHT | L33: GEWICHT | M33: TEMPO | N33: =I33 -> SxR/RPE 8-9 | O33: GEWICHT | Q33: GEWICHT | R33: TEMPO | S33: =I33 -> SxR/RPE 8-9 | T33: GEWICHT
B34: 7 | C34: STEPDOWN MEDIUM STEPPER | H34: 3-1-1-1 | I34: 1x15 | M34: =H34 -> 3-1-1-1 | N34: =I34 -> 1x15 | R34: =H34 -> 3-1-1-1 | S34: =I34 -> 1x15
B35: 8 | C35: 1/2-KN ANTI-ROTATION PRESS | H35: 2-2-2-2 | I35: 3x5 ea | M35: =H35 -> 2-2-2-2 | N35: =I35 -> 3x5 ea | R35: =H35 -> 2-2-2-2 | S35: =N35 -> 3x5 ea
B36: 9 | C36: STANDING PEZZIBALL EXTERNAL ROTATION | H36: ISO | I36: 3x10s ea | M36: =H36 -> ISO | N36: =I36 -> 3x10s ea | R36: =H36 -> ISO | S36: =N36 -> 3x10s ea
B38: 10 | C38: SIDE MARCH WITH MINIBAND OVER ANKLES | H38: 3-1-1-1 | I38: 1x15 | M38: =H38 -> 3-1-1-1 | N38: =I38 -> 1x15 | R38: =H38 -> 3-1-1-1 | S38: =N38 -> 1x15
B39: 11 | C39: LOADED FOOT COPENHAGENPLANK BENCH | H39: ISO | I39: 3x10s ea | M39: =H39 -> ISO | N39: =I39 -> 3x10s ea | R39: =H39 -> ISO | S39: =N39 -> 3x10s ea
B40: 12 | C40: WALL TIBIALIS RAISES 45° | H40: 3-1-1-0 | I40: 1x15 | M40: =H40 -> 3-1-1-0 | N40: =I40 -> 1x15 | R40: =H40 -> 3-1-1-0 | S40: =N40 -> 1x15
B42: Halteübungen (Ukiso) | G42: GEWICHT | H42: TEMPO | I42: SxR/RPE 9 | J42: GEWICHT | L42: =G42 -> GEWICHT | M42: TEMPO | N42: =I42 -> SxR/RPE 9 | O42: GEWICHT | Q42: =L42 -> GEWICHT | R42: TEMPO | S42: =I42 -> SxR/RPE 9 | T42: GEWICHT
B43: 13 | C43: ISO HOLD 1-LEG CALF RAISE | H43: ISO | I43: 1x45s | M43: =H43 -> ISO | N43: =I43 -> 1x45s | R43: =H43 -> ISO | S43: =N43 -> 1x45s
B44: 14 | C44: ISO HOLD SPLIT SQUAT | H44: ISO | I44: 1x45s | M44: =H43 -> ISO | N44: =I44 -> 1x45s | R44: =H43 -> ISO | S44: =N44 -> 1x45s
B45: 15 | C45: 1-LEG HAMSTRING BRIDGE | H45: ISO | I45: 1x45s | M45: =H43 -> ISO | N45: =I45 -> 1x45s | R45: =H43 -> ISO | S45: =N45 -> 1x45s

Sheet Oberkörper2
E2: Körperkonstitution | O2: Logo
C3: Oberkörper
E4: Größe
C5: NAME | E5: Gewicht
C10: Preparatory | E10: General Preparation | I10: Technical Development | M10: Accumulation | Q10: Dynamic | S10: 2x12
B12: Bewegungshygiene 1 (BH1)
B13: =Unterkörper2!B13 -> TGU - 1/2-KN. TO STAND | E13: =Unterkörper2!E13 -> LOADED BKWD CRAWL | G13: =Unterkörper2!G13 -> 1KB 1-ARM RACK CARRY | J13: =Unterkörper2!J13 -> KB/BW GOBLET SQUAT | N13: =Unterkörper2!N13 -> 2KB SUITCASE DEADLIFT | R13: =Unterkörper2!R13 -> 1KB 1-LEG DEADLIFT TO BOX
B14: Bewegungshygiene 2 (BH2)
B15: =Unterkörper2!B15 -> LOADED ANKLE ROCKER PUSH PULL | E15: =Unterkörper2!E15 -> ANKLE POS. 1 30 SEC | G15: =Unterkörper2!G15 -> LOADED ANKLE SKIPS | J15: =Unterkörper2!J15 -> KNEE RUN | N15: =Unterkörper2!N15 -> 1-LEG LINEAR HOP - TO BOX (NCM) | R15: =Unterkörper2!R15 -> LOADED CMJ TO BOX
B16: =Unterkörper2!B17 -> LEVEL 2 | G16: Block 2
G17: Datum 1 | H17: Woche 1 | J17: Datum 2 | L17: Datum 3 | M17: Woche 2 | O17: Datum 4 | Q17: Datum 5 | R17: Woche 3 | T17: Datum 6
B18: Explosiv Block | G18: GEWICHT | H18: TEMPO | I18: SxR | J18: GEWICHT | L18: GEWICHT | M18: TEMPO | N18: SxR | O18: GEWICHT | Q18: GEWICHT | R18: TEMPO | S18: SxR | T18: GEWICHT
B19: 1 | C19: REACTIVE BOX SQUAT JUMP - TO BOX | H19: EXPL | I19: 3x5 | J19: BW | M19: =H19 -> EXPL | N19: 3x5 | O19: BW | R19: =H19 -> EXPL | S19: 3x5 | T19: BW
B20: 2 | C20: 1/2-KN MB OH THROW | H20: EXPL | I20: 3x5 | J20: 2kg | M20: =H20 -> EXPL | N20: 3x5 | O20: =J20 -> 2kg | R20: =H20 -> EXPL | S20: 3x5 | T20: =J20 -> 2kg
B21: 3 | C21: 1/2-KN MB CHEST PASS | H21: EXPL | I21: 3x5 | J21: 2kg | M21: =H21 -> EXPL | N21: 3x5 | O21: =J21 -> 2kg | R21: =H21 -> EXPL | S21: 3x5 | T21: =J21 -> 2kg
B23: Kraft Block (OKK) | G23: GEWICHT | H23: TEMPO | I23: SxR/RPE 7-8 | J23: GEWICHT | L23: =G23 -> GEWICHT | M23: TEMPO | N23: =I23 -> SxR/RPE 7-8 | O23: GEWICHT | Q23: =L23 -> GEWICHT | R23: TEMPO | S23: =I23 -> SxR/RPE 7-8 | T23: GEWICHT
B24: 1 | C24: ARMS ELEVATED PUSH UP HIGH | H24: 3-1-1-0 | I24: 1x15 | M24: =H24 -> 3-1-1-0 | N24: =I24 -> 1x15 | R24: =H24 -> 3-1-1-0 | S24: =I24 -> 1x15
B25: 2 | C25: 1/2-KN 1-ARM BAND PULLDOWN | H25: 3-1-1-1 | I25: 1x15 | M25: =H25 -> 3-1-1-1 | N25: =I25 -> 1x15 | R25: =H25 -> 3-1-1-1 | S25: =I25 -> 1x15
B26: 3 | C26: LOADED BKWD CRAWL | H26: 1-1-1-1 | I26: 2x15m | M26: =H26 -> 1-1-1-1 | N26: =I26 -> 2x15m | R26: =H26 -> 1-1-1-1 | S26: =I26 -> 2x15m
B28: 4 | C28: STANDING 1-ARM BAND/CABLE ROW | H28: 3-1-1-0 | I28: 1x15 | M28: =H28 -> 3-1-1-0 | N28: =I28 -> 1x15 | R28: =H28 -> 3-1-1-0 | S28: =I28 -> 1x15
B29: 5 | C29: 1/2 KN 1-ARM OVERHEAD PRESS | H29: 3-1-1-1 | I29: 1x15 | M29: =H29 -> 3-1-1-1 | N29: =I29 -> 1x15 | R29: =H29 -> 3-1-1-1 | S29: =I29 -> 1x15
B30: 6 | C30: PLANK - SANDBAG PULL THROUGH | H30: 2-1-1-0 | I30: 1x15 | M30: =H30 -> 2-1-1-0 | N30: =I30 -> 1x15 | R30: =H30 -> 2-1-1-0 | S30: =I30 -> 1x15
B32: Kraft Block (Okp) | G32: GEWICHT | H32: TEMPO | I32: SxR/RPE 8-9 | J32: GEWICHT | L32: GEWICHT | M32: TEMPO | N32: =I32 -> SxR/RPE 8-9 | O32: GEWICHT | Q32: GEWICHT | R32: TEMPO | S32: =I32 -> SxR/RPE 8-9 | T32: GEWICHT
B33: 7 | C33: STANDING BB BICEP CURL | H33: 3-1-1-1 | I33: 1x15 | M33: =H33 -> 3-1-1-1 | N33: =I33 -> 1x15 | R33: =H33 -> 3-1-1-1 | S33: =I33 -> 1x15
B34: 8 | C34: STANDING BAND/CABLE TRICEP CURL | H34: 2-1-1-0 | I34: 1x15 | M34: =H34 -> 2-1-1-0 | N34: =I34 -> 1x15 | R34: =H34 -> 2-1-1-0 | S34: =I34 -> 1x15
B35: 9 | C35: SIDE PLANK WITH LEG ABDUCTION | H35: 2-1-1-0 | I35: 3x5 ea | M35: =H35 -> 2-1-1-0 | N35: =I35 -> 3x5 ea | R35: =H35 -> 2-1-1-0 | S35: =I35 -> 3x5 ea
B37: 10 | C37: LOADED ARM SUPINATION/PRONATION | H37: 2-1-1-0 | I37: 1x15 | M37: =H37 -> 2-1-1-0 | N37: =I37 -> 1x15 | R37: =H37 -> 2-1-1-0 | S37: =I37 -> 1x15
B38: 11 | C38: FLEXBAR WRING HORIZONTAL | H38: 5-0-3-0 | I38: 1x15 | M38: =H38 -> 5-0-3-0 | N38: =I38 -> 1x15 | R38: =H38 -> 5-0-3-0 | S38: =I38 -> 1x15
B39: 12 | C39: STANDING CABLE "T" | H39: 3-1-1-1 | I39: 1x15 | M39: =H39 -> 3-1-1-1 | N39: =I39 -> 1x15 | R39: =H39 -> 3-1-1-1 | S39: =I39 -> 1x15
B41: Halteübungen (Okiso) | G41: GEWICHT | H41: TEMPO | I41: SxR/RPE 9 | J41: GEWICHT | L41: =G41 -> GEWICHT | M41: TEMPO | N41: =I41 -> SxR/RPE 9 | O41: GEWICHT | Q41: =L41 -> GEWICHT | R41: TEMPO | S41: =I41 -> SxR/RPE 9 | T41: GEWICHT
B42: 13 | C42: PUSH UP PLANK | H42: ISO | I42: 1x45s | M42: =H42 -> ISO | N42: =I42 -> 1x45s | R42: =H42 -> ISO | S42: =N42 -> 1x45s
B43: 14 | C43: ISO HOLD PRONE BENCH "T" | H43: ISO | I43: 1x45s | M43: =H43 -> ISO | N43: =I43 -> 1x45s | R43: =H43 -> ISO | S43: =N43 -> 1x45s
B44: 15 | C44: 1/2-KN LANDMINE PRESS-ISO HOLD | H44: ISO | I44: 1x45s | M44: =H44 -> ISO | N44: =I44 -> 1x45s | R44: =H44 -> ISO | S44: =N44 -> 1x45s

Sheet Unterkörper3
E2: Körperkonstitution | O2: Logo
C3: Unterkörper
E4: Größe
C5: NAME | E5: Gewicht
C10: Preparatory | E10: General Preparation | I10: Technical Development | N10: Accumulation | Q10: Dynamic | S10: 2x12
B12: Bewegungshygiene 1 (BH1)
B13: BALANCE - TGU - POST TO HIGH PELVIS | E13: LOADED SIDE CRAWL | G13: 1KB BOTTOM-UP WAITER CARRY | J13: KB GOBLET SQUAT | N13: 1-ARM 1KB SUITCASE DEADLIFT | R13: LANDMINE 1-LEG DEADLIFT
B14: Bewegungshygiene 2 (BH2)
B15: LOADED ANKLE ROCKERS WIPERS | E15: ANKLE POS. 1 45 SEC | G15: LOADED ANKLE BOUNDS | J15: LOADED 1-LEG A-SKIP | N15: REACTIVE 1-LEG LATERAL HOP - TO BOX (NCM) | R15: LOADED SQUAT JUMP - DC
B17: LEVEL 3 | G17: Block 1
G18: Datum 1 | H18: Woche 1 | J18: Datum 2 | L18: Datum 3 | M18: Woche 2 | O18: Datum 4 | Q18: Datum 5 | R18: Woche 3 | T18: Datum 6
B19: Explosiv Block | G19: GEWICHT | H19: TEMPO | I19: SxR | J19: GEWICHT | L19: TEMPO | M19: RPE | N19: SxR | O19: GEWICHT | Q19: TEMPO | R19: RPE | S19: SxR | T19: GEWICHT
B20: 1 | C20: ASSISTED ANKLE JUMPS | H20: EXPL | I20: 3x5 | J20: BW | L20: EXPL | N20: 3x5 | O20: BW | Q20: EXPL | S20: 3x5 | T20: BW
B21: 2 | C21: SPLIT SQUAT MEDBALL SIDE TOSS - PARALLEL | H21: EXPL | I21: 3x5 | J21: 2kg | L21: EXPL | N21: 3x5 | O21: =J21 -> 2kg | Q21: EXPL | S21: 3x5 | T21: =J21 -> 2kg
B22: 3 | C22: SPLIT SQUAT MEDBALL SIDE TOSS - 90° | H22: EXPL | I22: 3x5 | J22: 2kg | L22: EXPL | N22: 3x5 | O22: =J22 -> 2kg | Q22: EXPL | S22: 3x5 | T22: =J22 -> 2kg
B24: Kraft Block (UKK) | G24: GEWICHT | H24: TEMPO | I24: SxR/RPE 8-9 | J24: GEWICHT | L24: =G24 -> GEWICHT | M24: TEMPO | N24: =I24 -> SxR/RPE 8-9 | O24: GEWICHT | Q24: =L24 -> GEWICHT | R24: TEMPO | S24: =I24 -> SxR/RPE 8-9 | T24: GEWICHT
B25: 1 | C25: BW 1-ARM OVERHEAD SQUAT | H25: 3-1-1-0 | I25: 1x10 | M25: =H25 -> 3-1-1-0 | N25: =I25 -> 1x10 | R25: =M25 -> 3-1-1-0 | S25: =N25 -> 1x10
B26: 2 | C26: 2-LEG HIP THRUST | H26: 3-1-1-1 | I26: 1x10 | M26: =H26 -> 3-1-1-1 | N26: =I26 -> 1x10 | R26: =M26 -> 3-1-1-1 | S26: =N26 -> 1x10
B27: 3 | C27: PUSH UP PLANK MEDBALL BALL CATCH | H27: ISO | I27: 1x10 | M27: =H27 -> ISO | N27: =I27 -> 1x10 | R27: =H27 -> ISO | S27: =N27 -> 1x10
B29: 4 | C29: 2KB SUITCASE DEADLIFT | H29: 3-1-1-0 | I29: 1x10 | M29: =H29 -> 3-1-1-0 | N29: =I29 -> 1x10 | R29: =H29 -> 3-1-1-0 | S29: =N29 -> 1x10
B30: 5 | C30: 1 KB SUITBASE SPLIT SQUAT | H30: 3-1-1-1 | I30: 1x10 | M30: =H30 -> 3-1-1-1 | N30: =I30 -> 1x10 | R30: =H29 -> 3-1-1-0 | S30: =N30 -> 1x10
B31: 6 | C31: BENCH OBLIQUE ISO HOLD - HEAD | H31: 2-1-1-0 | I31: 3x10s ea | M31: =H31 -> 2-1-1-0 | N31: =I31 -> 3x10s ea | R31: =H31 -> 2-1-1-0 | S31: =N31 -> 3x10s ea
B33: Kraft Block (Ukp) | G33: GEWICHT | H33: TEMPO | I33: SxR/RPE 8-9 | J33: GEWICHT | L33: GEWICHT | M33: TEMPO | N33: =I33 -> SxR/RPE 8-9 | O33: GEWICHT | Q33: GEWICHT | R33: TEMPO | S33: =I33 -> SxR/RPE 8-9 | T33: GEWICHT
B34: 7 | C34: STEPDOWN HIGH STEPPER | H34: 3-1-1-1 | I34: 1x10 | M34: =H34 -> 3-1-1-1 | N34: =I34 -> 1x10 | R34: =H34 -> 3-1-1-1 | S34: =I34 -> 1x10
B35: 8 | C35: 1/2-KN ANTI-ROTATION PRESS TO OVERHEAD | H35: 2-2-2-2 | I35: 3x5 ea | M35: =H35 -> 2-2-2-2 | N35: =I35 -> 3x5 ea | R35: =H35 -> 2-2-2-2 | S35: =N35 -> 3x5 ea
B36: 9 | C36: 1-LEG MINIBAND PEZZIBALL EXTERNAL ROTATION | H36: 2-1-1-0 | I36: 1x10 | M36: =H36 -> 2-1-1-0 | N36: =I36 -> 1x10 | R36: =H36 -> 2-1-1-0 | S36: =N36 -> 1x10
B38: 10 | C38: SIDE MARCH WITH MINIBAND OVER FOOT | H38: 3-1-1-1 | I38: 1x10 | M38: =H38 -> 3-1-1-1 | N38: =I38 -> 1x10 | R38: =H38 -> 3-1-1-1 | S38: =N38 -> 1x10
B39: 11 | C39: LOADED FOOT COPENHAGEN PLANK BLACKROLL | H39: ISO | I39: 3x10s ea | M39: =H39 -> ISO | N39: =I39 -> 3x10s ea | R39: =H39 -> ISO | S39: =N39 -> 3x10s ea
B40: 12 | C40: TIBIALIS RAISES TOUCHING WALL WITH TOES | H40: 3-1-1-1 | I40: 1x10 | M40: =H40 -> 3-1-1-1 | N40: =I40 -> 1x10 | R40: =H40 -> 3-1-1-1 | S40: =N40 -> 1x10
B42: Halteübungen (Ukiso) | G42: GEWICHT | H42: TEMPO | I42: SxR/RPE 9 | J42: GEWICHT | L42: =G42 -> GEWICHT | M42: TEMPO | N42: =I42 -> SxR/RPE 9 | O42: GEWICHT | Q42: =L42 -> GEWICHT | R42: TEMPO | S42: =I42 -> SxR/RPE 9 | T42: GEWICHT
B43: 13 | C43: ISO HOLD 1-LEG CALF RAISE | H43: ISO | I43: 1x60s | M43: =H43 -> ISO | N43: =I43 -> 1x60s | R43: =H43 -> ISO | S43: =N43 -> 1x60s
B44: 14 | C44: ISO HOLD SPLIT SQUAT | H44: ISO | I44: 1x60s | M44: =H43 -> ISO | N44: =I44 -> 1x60s | R44: =H43 -> ISO | S44: =N44 -> 1x60s
B45: 15 | C45: 1-LEG HAMSTRING BRIDGE | H45: ISO | I45: 1x60s | M45: =H43 -> ISO | N45: =I45 -> 1x60s | R45: =H43 -> ISO | S45: =N45 -> 1x60s

Sheet Oberkörper3
E2: Körperkonstitution | O2: Logo
C3: Oberkörper
E4: Größe
C5: NAME | E5: Gewicht
C10: Preparatory | E10: General Preparation | I10: Technical Development | M10: Accumulation | Q10: Dynamic | S10: 2x12
B12: Bewegungshygiene 1 (BH1)
B13: =Unterkörper3!B13 -> BALANCE - TGU - POST TO HIGH PELVIS | E13: =Unterkörper3!E13 -> LOADED SIDE CRAWL | G13: =Unterkörper3!G13 -> 1KB BOTTOM-UP WAITER CARRY | J13: =Unterkörper3!J13 -> KB GOBLET SQUAT | N13: =Unterkörper3!N13 -> 1-ARM 1KB SUITCASE DEADLIFT | R13: =Unterkörper3!R13 -> LANDMINE 1-LEG DEADLIFT
B14: Bewegungshygiene 2 (BH2)
B15: =Unterkörper3!B15 -> LOADED ANKLE ROCKERS WIPERS | E15: =Unterkörper3!E15 -> ANKLE POS. 1 45 SEC | G15: =Unterkörper3!G15 -> LOADED ANKLE BOUNDS | J15: =Unterkörper3!J15 -> LOADED 1-LEG A-SKIP | N15: =Unterkörper3!N15 -> REACTIVE 1-LEG LATERAL HOP - TO BOX (NCM) | R15: =Unterkörper3!R15 -> LOADED SQUAT JUMP - DC
B16: =Unterkörper3!B17 -> LEVEL 3 | G16: Block 2
G17: Datum 1 | H17: Woche 1 | J17: Datum 2 | L17: Datum 3 | M17: Woche 2 | O17: Datum 4 | Q17: Datum 5 | R17: Woche 3 | T17: Datum 6
B18: Explosiv Block | G18: GEWICHT | H18: TEMPO | I18: SxR | J18: GEWICHT | L18: GEWICHT | M18: TEMPO | N18: SxR | O18: GEWICHT | Q18: GEWICHT | R18: TEMPO | S18: SxR | T18: GEWICHT
B19: 1 | C19: RESISTEND SQUAT JUMP | H19: EXPL | I19: 3x5 | J19: BW | M19: =H19 -> EXPL | N19: 3x5 | O19: BW | R19: =H19 -> EXPL | S19: 3x5 | T19: BW
B20: 2 | C20: 1-LEG MB OH THROW | H20: EXPL | I20: 3x5 | J20: 2kg | M20: =H20 -> EXPL | N20: 3x5 | O20: =J20 -> 2kg | R20: =H20 -> EXPL | S20: 3x5 | T20: =J20 -> 2kg
B21: 3 | C21: 1-LEG MB CHEST PASS | H21: EXPL | I21: 3x5 | J21: 2kg | M21: =H21 -> EXPL | N21: 3x5 | O21: =J21 -> 2kg | R21: =H21 -> EXPL | S21: 3x5 | T21: =J21 -> 2kg
B23: Kraft Block (OKK) | G23: GEWICHT | H23: TEMPO | I23: SxR/RPE 7-8 | J23: GEWICHT | L23: =G23 -> GEWICHT | M23: TEMPO | N23: =I23 -> SxR/RPE 7-8 | O23: GEWICHT | Q23: =L23 -> GEWICHT | R23: TEMPO | S23: =I23 -> SxR/RPE 7-8 | T23: GEWICHT
B24: 1 | C24: ARMS ELEVATED PUSH UP LOW | H24: 3-1-1-0 | I24: 1x10 | M24: =H24 -> 3-1-1-0 | N24: =I24 -> 1x10 | R24: =H24 -> 3-1-1-0 | S24: =I24 -> 1x10
B25: 2 | C25: PULL UP ECC | H25: 3-1-1-1 | I25: 1x10 | M25: =H25 -> 3-1-1-1 | N25: =I25 -> 1x10 | R25: =H25 -> 3-1-1-1 | S25: =I25 -> 1x10
B26: 3 | C26: LOADED SIDE CRAWL | H26: 1-1-1-1 | I26: 2x15m | M26: =H26 -> 1-1-1-1 | N26: =I26 -> 2x15m | R26: =H26 -> 1-1-1-1 | S26: =I26 -> 2x15m
B28: 4 | C28: STANDING 1-ARM BAND/CABLE ROW | H28: 3-1-1-0 | I28: 1x10 | M28: =H28 -> 3-1-1-0 | N28: =I28 -> 1x10 | R28: =H28 -> 3-1-1-0 | S28: =I28 -> 1x10
B29: 5 | C29: STANDING 1-ARM OVERHEAD PRESS | H29: 3-1-1-1 | I29: 1x10 | M29: =H29 -> 3-1-1-1 | N29: =I29 -> 1x10 | R29: =H29 -> 3-1-1-1 | S29: =I29 -> 1x10
B30: 6 | C30: PUSH UP PLANK MEDBALL BALL CATCH | H30: 2-1-1-0 | I30: 1x10 | M30: =H30 -> 2-1-1-0 | N30: =I30 -> 1x10 | R30: =H30 -> 2-1-1-0 | S30: =I30 -> 1x10
B32: Kraft Block (Okp) | G32: GEWICHT | H32: TEMPO | I32: SxR/RPE 8-9 | J32: GEWICHT | L32: GEWICHT | M32: TEMPO | N32: =I32 -> SxR/RPE 8-9 | O32: GEWICHT | Q32: GEWICHT | R32: TEMPO | S32: =I32 -> SxR/RPE 8-9 | T32: GEWICHT
B33: 7 | C33: STANDING BB BICEP CURL | H33: 3-1-1-1 | I33: 1x10 | M33: =H33 -> 3-1-1-1 | N33: =I33 -> 1x10 | R33: =H33 -> 3-1-1-1 | S33: =I33 -> 1x10
B34: 8 | C34: STANDING BAND/CABLE TRICEP CURL | H34: 2-1-1-0 | I34: 1x10 | M34: =H34 -> 2-1-1-0 | N34: =I34 -> 1x10 | R34: =H34 -> 2-1-1-0 | S34: =I34 -> 1x10
B35: 9 | C35: FT ELEVATED SIDE PLANK - BLACKROLL | H35: 2-1-1-0 | I35: 3x10s ea | M35: =H35 -> 2-1-1-0 | N35: =I35 -> 3x10s ea | R35: =H35 -> 2-1-1-0 | S35: =I35 -> 3x10s ea
B37: 10 | C37: LOADED ARM SUPINATION/PRONATION | H37: 2-1-1-0 | I37: 1x10 | M37: =H37 -> 2-1-1-0 | N37: =I37 -> 1x10 | R37: =H37 -> 2-1-1-0 | S37: =I37 -> 1x10
B38: 11 | C38: FLEXBAR BREAKING DOWN | H38: 5-0-3-0 | I38: 1x10 | M38: =H38 -> 5-0-3-0 | N38: =I38 -> 1x10 | R38: =H38 -> 5-0-3-0 | S38: =I38 -> 1x10
B39: 12 | C39: STANDIG CABLE FACE PULL | H39: 3-1-1-1 | I39: 1x10 | M39: =H39 -> 3-1-1-1 | N39: =I39 -> 1x10 | R39: =H39 -> 3-1-1-1 | S39: =I39 -> 1x10
B41: Halteübungen (Okiso) | G41: GEWICHT | H41: TEMPO | I41: SxR/RPE 9 | J41: GEWICHT | L41: =G41 -> GEWICHT | M41: TEMPO | N41: =I41 -> SxR/RPE 9 | O41: GEWICHT | Q41: =L41 -> GEWICHT | R41: TEMPO | S41: =I41 -> SxR/RPE 9 | T41: GEWICHT
B42: 13 | C42: PUSH UP PLANK | H42: ISO | I42: 1x60s | M42: =H42 -> ISO | N42: =I42 -> 1x60s | R42: =H42 -> ISO | S42: =N42 -> 1x60s
B43: 14 | C43: ISO HOLD PRONE BENCH "T" | H43: ISO | I43: 1x60s | M43: =H43 -> ISO | N43: =I43 -> 1x60s | R43: =H43 -> ISO | S43: =N43 -> 1x60s
B44: 15 | C44: 1/2-KN LANDMINE PRESS-ISO HOLD | H44: ISO | I44: 1x60s | M44: =H44 -> ISO | N44: =I44 -> 1x60s | R44: =H44 -> ISO | S44: =N44 -> 1x60s

Sheet Unterkörper4
E2: Körperkonstitution | O2: Logo
C3: Unterkörper
E4: Größe
C5: NAME | E5: Gewicht
C10: Preparatory | E10: General Preparation | I10: Technical Development | N10: Accumulation | Q10: Dynamic | S10: 2x12
B12: Bewegungshygiene 1 (BH1)
B13: BALANCE - TGU - 1/2-KN. TO STAND | E13: LOADED FOOT ELBOW CRAWL | G13: 2-ARM RACK CARRY | J13: BW RACK SQUAT | N13: 1 KB SUITCASE DEADLIFT | R13: 1KB 1-LEG DEADLIFT
B14: Bewegungshygiene 2 (BH2)
B15: LOADED ANKLE ROCKER SHUFFLE | E15: ANKLE POS. 2 15 SEC | G15: LOADED LATERAL ANKLE MARCH | J15: LOADED A-SKIP | N15: REACTIVE 1-LEG MEDIAL HOP - TO BOX (NCM) | R15: LOADED REACTIVE SQUAT JUMP OF BOX TO BOX
B17: LEVEL 4 | G17: Block 1
G18: Datum 1 | H18: Woche 1 | J18: Datum 2 | L18: Datum 3 | M18: Woche 2 | O18: Datum 4 | Q18: Datum 5 | R18: Woche 3 | T18: Datum 6
B19: Explosiv Block | G19: GEWICHT | H19: TEMPO | I19: SxR | J19: GEWICHT | L19: TEMPO | M19: RPE | N19: SxR | O19: GEWICHT | Q19: TEMPO | R19: RPE | S19: SxR | T19: GEWICHT
B20: 1 | C20: SPLIT ANKLE JUMPS - DC | H20: EXPL | I20: 3x5 | J20: BW | L20: EXPL | N20: 3x5 | O20: BW | Q20: EXPL | S20: 3x5 | T20: BW
B21: 2 | C21: OPEN STANCE MEDBALL SIDE TOSS | H21: EXPL | I21: 3x5 | L21: EXPL | N21: 3x5 | Q21: EXPL | S21: 3x5
B22: 3 | C22: CLOSED STANCE MEDBALL SIDE TOSS | H22: EXPL | I22: 3x5 | L22: EXPL | N22: 3x5 | Q22: EXPL | S22: 3x5
B24: Kraft Block (UKK) | G24: GEWICHT | H24: TEMPO | I24: SxR/RPE 8-9 | J24: GEWICHT | L24: =G24 -> GEWICHT | M24: TEMPO | N24: =I24 -> SxR/RPE 8-9 | O24: GEWICHT | Q24: =L24 -> GEWICHT | R24: TEMPO | S24: =I24 -> SxR/RPE 8-9 | T24: GEWICHT
B25: 1 | C25: 1-ARM 1KB RACK SQUAT | H25: 3-1-1-0 | I25: 1x20 | M25: =H25 -> 3-1-1-0 | N25: =I25 -> 1x20 | R25: =M25 -> 3-1-1-0 | S25: =N25 -> 1x20
B26: 2 | C26: 1-LEG HIP THRUST | H26: 3-1-1-1 | I26: 1x20 | M26: =H26 -> 3-1-1-1 | N26: =I26 -> 1x20 | R26: =M26 -> 3-1-1-1 | S26: =N26 -> 1x20
B27: 3 | C27: PB STIR THE POT | H27: ISO | I27: 3x5 | M27: =H27 -> ISO | N27: =I27 -> 3x5 | R27: =H27 -> ISO | S27: =N27 -> 3x5
B29: 4 | C29: TRAP BAR DEADLIFT | H29: 3-1-1-0 | I29: 1x20 | M29: =H29 -> 3-1-1-0 | N29: =I29 -> 1x20 | R29: =H29 -> 3-1-1-0 | S29: =N29 -> 1x20
B30: 5 | C30: PEZZIBALL SUPPORTED HEARBEAT LATERAL SPLIT SQUAT | H30: 3-1-1-1 | I30: 1x20 | M30: =H30 -> 3-1-1-1 | N30: =I30 -> 1x20 | R30: =H29 -> 3-1-1-0 | S30: =N30 -> 1x20
B31: 6 | C31: BENCH OBLIQUE ISO HOLD - OH | H31: ISO | I31: 3x10s ea | M31: =H31 -> ISO | N31: =I31 -> 3x10s ea | R31: =H31 -> ISO | S31: =N31 -> 3x10s ea
B33: Kraft Block (Ukp) | G33: GEWICHT | H33: TEMPO | I33: SxR/RPE 8-9 | J33: GEWICHT | L33: GEWICHT | M33: TEMPO | N33: =I33 -> SxR/RPE 8-9 | O33: GEWICHT | Q33: GEWICHT | R33: TEMPO | S33: =I33 -> SxR/RPE 8-9 | T33: GEWICHT
B34: 7 | C34: STEP UP MEDIUM STEPPER | H34: 3-1-1-1 | I34: 1x20 | M34: =H34 -> 3-1-1-1 | N34: =I34 -> 1x20 | R34: =H34 -> 3-1-1-1 | S34: =I34 -> 1x20
B35: 8 | C35: TK ANTI-ROTATION HOLD | H35: ISO | I35: 6x5s ea | M35: =H35 -> ISO | N35: =I35 -> 6x5s ea | R35: =H35 -> ISO | S35: =N35 -> 6x5s ea
B36: 9 | C36: SIDE LYING LEG ABD W/MINIBAND HIP EXTERNAL ROT | H36: 2-1-1-0 | I36: 1x20 | M36: =H36 -> 2-1-1-0 | N36: =I36 -> 1x20 | R36: =H36 -> 2-1-1-0 | S36: =N36 -> 1x20
B38: 10 | C38: SIDE MARCH WITH MINIBAND OVER FOOT | H38: 3-1-1-1 | I38: 1x20 | M38: =H38 -> 3-1-1-1 | N38: =I38 -> 1x20 | R38: =H38 -> 3-1-1-1 | S38: =N38 -> 1x20
B39: 11 | C39: LOADED FOOT COPENHAGEN PLANK TRX | H39: ISO | I39: 3x10s ea | M39: =H39 -> ISO | N39: =I39 -> 3x10s ea | R39: =H39 -> ISO | S39: =N39 -> 3x10s ea
B40: 12 | C40: 1-LEG TIBIALIS RAISES | H40: 3-1-1-1 | I40: 1x20 | M40: =H40 -> 3-1-1-1 | N40: =I40 -> 1x20 | R40: =H40 -> 3-1-1-1 | S40: =N40 -> 1x20
B42: Halteübungen (Ukiso) | G42: GEWICHT | H42: TEMPO | I42: SxR/RPE 9 | J42: GEWICHT | L42: =G42 -> GEWICHT | M42: TEMPO | N42: =I42 -> SxR/RPE 9 | O42: GEWICHT | Q42: =L42 -> GEWICHT | R42: TEMPO | S42: =I42 -> SxR/RPE 9 | T42: GEWICHT
B43: 13 | C43: ISO HOLD 1-LEG CALF RAISE | H43: ISO | I43: 1x75s | M43: =H43 -> ISO | N43: =I43 -> 1x75s | R43: =H43 -> ISO | S43: =N43 -> 1x75s
B44: 14 | C44: ISO HOLD SPLIT SQUAT | H44: ISO | I44: 1x75s | M44: =H43 -> ISO | N44: =I44 -> 1x75s | R44: =H43 -> ISO | S44: =N44 -> 1x75s
B45: 15 | C45: 1-LEG HAMSTRING BRIDGE | H45: ISO | I45: 1x75s | M45: =H43 -> ISO | N45: =I45 -> 1x75s | R45: =H43 -> ISO | S45: =N45 -> 1x75s

Sheet Oberkörper4
E2: Körperkonstitution | O2: Logo
C3: Unterkörper
E4: Größe
C5: NAME | E5: Gewicht
C10: Preparatory | E10: General Preparation | I10: Technical Development | M10: Accumulation | Q10: Dynamic | S10: 2x12
B12: Bewegungshygiene 1 (BH1)
B13: =Unterkörper4!B13 -> BALANCE - TGU - 1/2-KN. TO STAND | E13: =Unterkörper4!E13 -> LOADED FOOT ELBOW CRAWL | G13: =Unterkörper4!G13 -> 2-ARM RACK CARRY | J13: =Unterkörper4!J13 -> BW RACK SQUAT | N13: =Unterkörper4!N13 -> 1 KB SUITCASE DEADLIFT | R13: =Unterkörper4!R13 -> 1KB 1-LEG DEADLIFT
B14: Bewegungshygiene 2 (BH2)
B15: =Unterkörper4!B15 -> LOADED ANKLE ROCKER SHUFFLE | E15: =Unterkörper4!E15 -> ANKLE POS. 2 15 SEC | G15: =Unterkörper4!G15 -> LOADED LATERAL ANKLE MARCH | J15: =Unterkörper4!J15 -> LOADED A-SKIP | N15: =Unterkörper4!N15 -> REACTIVE 1-LEG MEDIAL HOP - TO BOX (NCM) | R15: =Unterkörper4!R15 -> LOADED REACTIVE SQUAT JUMP OF BOX TO BOX
B16: =Unterkörper4!B17 -> LEVEL 4 | G16: Block 2
G17: Datum 1 | H17: Woche 1 | J17: Datum 2 | L17: Datum 3 | M17: Woche 2 | O17: Datum 4 | Q17: Datum 5 | R17: Woche 3 | T17: Datum 6
B18: Explosiv Block | G18: GEWICHT | H18: TEMPO | I18: SxR | J18: GEWICHT | L18: GEWICHT | M18: TEMPO | N18: SxR | O18: GEWICHT | Q18: GEWICHT | R18: TEMPO | S18: SxR | T18: GEWICHT
B19: 1 | C19: RESISTEND CMJ | H19: EXPL | I19: 3x5 | J19: BW | M19: =H19 -> EXPL | N19: 3x5 | O19: BW | R19: =H19 -> EXPL | S19: 3x5 | T19: BW
B20: 2 | C20: SPLIT MB OH THROW | H20: EXPL | I20: 3x5 | M20: =H20 -> EXPL | N20: 3x5 | R20: =H20 -> EXPL | S20: 3x5
B21: 3 | C21: SPLIT MB CHEST PASS | H21: EXPL | I21: 3x5 | M21: =H21 -> EXPL | N21: 3x5 | R21: =H21 -> EXPL | S21: 3x5
B23: Kraft Block (OKK) | G23: GEWICHT | H23: TEMPO | I23: SxR/RPE 8-9 | J23: GEWICHT | L23: =G23 -> GEWICHT | M23: TEMPO | N23: =I23 -> SxR/RPE 8-9 | O23: GEWICHT | Q23: =L23 -> GEWICHT | R23: TEMPO | S23: =I23 -> SxR/RPE 8-9 | T23: GEWICHT
B24: 1 | C24: PUSH UP ON KNEE | H24: 3-1-1-0 | I24: 1x20 | M24: =H24 -> 3-1-1-0 | N24: =I24 -> 1x20 | R24: =H24 -> 3-1-1-0 | S24: =I24 -> 1x20
B25: 2 | C25: 1/2-KN 1-ARM BAND PULLDOWN | H25: 3-1-1-1 | I25: 1x20 | M25: =H25 -> 3-1-1-1 | N25: =I25 -> 1x20 | R25: =H25 -> 3-1-1-1 | S25: =I25 -> 1x20
B26: 3 | C26: LOADED FOOT ELBOW CRAWL | H26: 1-1-1-1 | I26: 2x15m | M26: =H26 -> 1-1-1-1 | N26: =I26 -> 2x15m | R26: =H26 -> 1-1-1-1 | S26: =I26 -> 2x15m
B28: 4 | C28: 2-ARM TRX ROW | H28: 3-1-1-0 | I28: 1x20 | M28: =H28 -> 3-1-1-0 | N28: =I28 -> 1x20 | R28: =H28 -> 3-1-1-0 | S28: =I28 -> 1x20
B29: 5 | C29: 1/2 KN LANDMINE OVERHEAD PRESS | H29: 3-1-1-1 | I29: 1x20 | M29: =H29 -> 3-1-1-1 | N29: =I29 -> 1x20 | R29: =H29 -> 3-1-1-1 | S29: =I29 -> 1x20
B30: 6 | C30: PB STIR THE POT | H30: 2-1-1-0 | I30: 3x5 ea | M30: =H30 -> 2-1-1-0 | N30: =I30 -> 3x5 ea | R30: =H30 -> 2-1-1-0 | S30: =I30 -> 3x5 ea
B32: Kraft Block (Okp) | G32: GEWICHT | H32: TEMPO | I32: SxR/RPE 8-9 | J32: GEWICHT | L32: GEWICHT | M32: TEMPO | N32: =I32 -> SxR/RPE 8-9 | O32: GEWICHT | Q32: GEWICHT | R32: TEMPO | S32: =I32 -> SxR/RPE 8-9 | T32: GEWICHT
B33: 7 | C33: STANDING BB BICEP CURL | H33: 3-1-1-1 | I33: 1x20 | M33: =H33 -> 3-1-1-1 | N33: =I33 -> 1x20 | R33: =H33 -> 3-1-1-1 | S33: =I33 -> 1x20
B34: 8 | C34: SUPPORTED DIPS | H34: 2-1-1-0 | I34: 1x20 | M34: =H34 -> 2-1-1-0 | N34: =I34 -> 1x20 | R34: =H34 -> 2-1-1-0 | S34: =I34 -> 1x20
B35: 9 | C35: TK PEZZIBALL BAND ROTATION | H35: 2-1-1-0 | I35: 3x10s ea | M35: =H35 -> 2-1-1-0 | N35: =I35 -> 3x10s ea | R35: =H35 -> 2-1-1-0 | S35: =I35 -> 3x10s ea
B37: 10 | C37: LOADED ARM SUPINATION/PRONATION | H37: 2-1-1-0 | I37: 1x20 | M37: =H37 -> 2-1-1-0 | N37: =I37 -> 1x20 | R37: =H37 -> 2-1-1-0 | S37: =I37 -> 1x20
B38: 11 | C38: FLEXBAR BREAKING UP | H38: 5-0-3-0 | I38: 1x20 | M38: =H38 -> 5-0-3-0 | N38: =I38 -> 1x20 | R38: =H38 -> 5-0-3-0 | S38: =I38 -> 1x20
B39: 12 | C39: STANDING 1-ARM BAND "T" | H39: 3-1-1-1 | I39: 1x20 | M39: =H39 -> 3-1-1-1 | N39: =I39 -> 1x20 | R39: =H39 -> 3-1-1-1 | S39: =I39 -> 1x20
B41: Halteübungen (Okiso) | G41: GEWICHT | H41: TEMPO | I41: SxR/RPE 9 | J41: GEWICHT | L41: =G41 -> GEWICHT | M41: TEMPO | N41: =I41 -> SxR/RPE 9 | O41: GEWICHT | Q41: =L41 -> GEWICHT | R41: TEMPO | S41: =I41 -> SxR/RPE 9 | T41: GEWICHT
B42: 13 | C42: PUSH UP PLANK | H42: ISO | I42: 1x75s | M42: =H42 -> ISO | N42: =I42 -> 1x75s | R42: =H42 -> ISO | S42: =N42 -> 1x75s
B43: 14 | C43: ISO HOLD PRONE BENCH "T" | H43: ISO | I43: 1x75s | M43: =H43 -> ISO | N43: =I43 -> 1x75s | R43: =H43 -> ISO | S43: =N43 -> 1x75s
B44: 15 | C44: 1/2-KN LANDMINE PRESS-ISO HOLD | H44: ISO | I44: 1x75s | M44: =H44 -> ISO | N44: =I44 -> 1x75s | R44: =H44 -> ISO | S44: =N44 -> 1x75s

Sheet Unterkörper5
E2: Körperkonstitution | O2: Logo
C3: Unterkörper
E4: Größe
C5: NAME | E5: Gewicht
C10: Preparatory | E10: General Preparation | I10: Technical Development | N10: Accumulation | Q10: Dynamic | S10: 2x12
B12: Bewegungshygiene 1 (BH1)
B13: LOADED - TGU - 1/2-KN. TO STAND | E13: LOADED PUSH UP CRAWL | G13: 2KB BOTTOM-UP WAITER CARRY | J13: BW 1-ARM OVERHEAD SQUAT | N13: 2 DIFFERENT KB SUITCASE DEADLIFT | R13: 2KB 1-LEG DEADLIFT TO BOX
B14: Bewegungshygiene 2 (BH2)
B15: LOADED ANKLE ROCKER SPLIT SQUAT | E15: ANKLE POS. 2 30 SEC | G15: LOADED LATERAL ANKLE SKIP | J15: LOADED 1-LEG B-SKIP | N15: REACTIVE 1-LEG LINEAR HOP - TO BOX (NCM) | R15: RESISTENT SQUAT JUMP
B17: LEVEL 5 | G17: Block 1
G18: Datum 1 | H18: Woche 1 | J18: Datum 2 | L18: Datum 3 | M18: Woche 2 | O18: Datum 4 | Q18: Datum 5 | R18: Woche 3 | T18: Datum 6
B19: Explosiv Block | G19: GEWICHT | H19: TEMPO | I19: SxR | J19: GEWICHT | L19: TEMPO | M19: RPE | N19: SxR | O19: GEWICHT | Q19: TEMPO | R19: RPE | S19: SxR | T19: GEWICHT
B20: 1 | C20: LATERAL BOUND W/STICK | H20: EXPL | I20: 3x5 | J20: BW | L20: EXPL | N20: 3x5 | O20: BW | Q20: EXPL | S20: 3x5 | T20: BW
B21: 2 | C21: SPLIT STEP W OPEN STANCE MEDBALL SIDE TOSS | H21: EXPL | I21: 3x5 | L21: EXPL | N21: 3x5 | Q21: EXPL | S21: 3x5
B22: 3 | C22: SLIDE IN CLOSED STANCE MED BALL SIDE TOSS | H22: EXPL | I22: 3x5 | L22: EXPL | N22: 3x5 | Q22: EXPL | S22: 3x5
B24: Kraft Block (UKK) | G24: GEWICHT | H24: TEMPO | I24: SxR/RPE 8-9 | J24: GEWICHT | L24: =G24 -> GEWICHT | M24: TEMPO | N24: =I24 -> SxR/RPE 8-9 | O24: GEWICHT | Q24: =L24 -> GEWICHT | R24: TEMPO | S24: =I24 -> SxR/RPE 8-9 | T24: GEWICHT
B25: 1 | C25: 2-ARM 2KB RACK SQUAT | H25: 3-1-1-0 | I25: 1x15 | M25: =H25 -> 3-1-1-0 | N25: =I25 -> 1x15 | R25: =M25 -> 3-1-1-0 | S25: =N25 -> 1x15
B26: 2 | C26: LOADED 2-LEG HIP THRUST | H26: 3-1-1-0 | I26: 1x15 | M26: =H26 -> 3-1-1-0 | N26: =I26 -> 1x15 | R26: =M26 -> 3-1-1-0 | S26: =N26 -> 1x15
B27: 3 | C27: PLANK - SWITCH ON BACK AND PULL THROUGH | H27: ISO | I27: 3x5 | M27: =H27 -> ISO | N27: =I27 -> 3x5 | R27: =H27 -> ISO | S27: =N27 -> 3x5
B29: 4 | C29: TRAP BAR DEADLIFT | H29: 3-1-1-0 | I29: 1x15 | M29: =H29 -> 3-1-1-0 | N29: =I29 -> 1x15 | R29: =H29 -> 3-1-1-0 | S29: =N29 -> 1x15
B30: 5 | C30: HEARBEAT LATERAL SPLIT SQUAT TO BOX | H30: 3-1-1-1 | I30: 1x15 | M30: =H30 -> 3-1-1-1 | N30: =I30 -> 1x15 | R30: =H29 -> 3-1-1-0 | S30: =N30 -> 1x15
B31: 6 | C31: LOADED BENCH OBLIQUE ISO HOLD - CHEST | H31: ISO | I31: 3x10s ea | M31: =H31 -> ISO | N31: =I31 -> 3x10s ea | R31: =H31 -> ISO | S31: =N31 -> 3x10s ea
B33: Kraft Block (Ukp) | G33: GEWICHT | H33: TEMPO | I33: SxR/RPE 8-9 | J33: GEWICHT | L33: GEWICHT | M33: TEMPO | N33: =I33 -> SxR/RPE 8-9 | O33: GEWICHT | Q33: GEWICHT | R33: TEMPO | S33: =I33 -> SxR/RPE 8-9 | T33: GEWICHT
B34: 7 | C34: STEP UP HIGH STEPPER | H34: 3-1-1-1 | I34: 1x15 | M34: =H34 -> 3-1-1-1 | N34: =I34 -> 1x15 | R34: =H34 -> 3-1-1-1 | S34: =I34 -> 1x15
B35: 8 | C35: TK ANTI-ROTATION PRESS | H35: 2-2-2-2 | I35: 3x5 ea | M35: =H35 -> 2-2-2-2 | N35: =I35 -> 3x5 ea | R35: =H35 -> 2-2-2-2 | S35: =N35 -> 3x5 ea
B36: 9 | C36: SEATED LEG ABD W/BAND + W/LEG EXTERNAL ROTATION | H36: 2-1-1-0 | I36: 1x15 | M36: =H36 -> 2-1-1-0 | N36: =I36 -> 1x15 | R36: =H36 -> 2-1-1-0 | S36: =N36 -> 1x15
B38: 10 | C38: SIDE MARCH WITH MINIBAND OVER KNEE HEAVY BAND | H38: 3-1-1-1 | I38: 1x15 | M38: =H38 -> 3-1-1-1 | N38: =I38 -> 1x15 | R38: =H38 -> 3-1-1-1 | S38: =N38 -> 1x15
B39: 11 | C39: LOADED FOOT COPENHAGENPLANK BENCH | H39: ISO | I39: 3x10s ea | M39: =H39 -> ISO | N39: =I39 -> 3x10s ea | R39: =H39 -> ISO | S39: =N39 -> 3x10s ea
B40: 12 | C40: 1-LEG TIBIALIS RAISES 45° | H40: 3-1-1-1 | I40: 1x15 | M40: =H40 -> 3-1-1-1 | N40: =I40 -> 1x15 | R40: =H40 -> 3-1-1-1 | S40: =N40 -> 1x15
B42: Halteübungen (Ukiso) | G42: GEWICHT | H42: TEMPO | I42: SxR/RPE 9 | J42: GEWICHT | L42: =G42 -> GEWICHT | M42: TEMPO | N42: =I42 -> SxR/RPE 9 | O42: GEWICHT | Q42: =L42 -> GEWICHT | R42: TEMPO | S42: =I42 -> SxR/RPE 9 | T42: GEWICHT
B43: 13 | C43: ISO HOLD 1-LEG CALF RAISE | H43: ISO | I43: 1x90s | M43: =H43 -> ISO | N43: =I43 -> 1x90s | R43: =H43 -> ISO | S43: =N43 -> 1x90s
B44: 14 | C44: ISO HOLD SPLIT SQUAT | H44: ISO | I44: 1x90s | M44: =H43 -> ISO | N44: =I44 -> 1x90s | R44: =H43 -> ISO | S44: =N44 -> 1x90s
B45: 15 | C45: 1-LEG HAMSTRING BRIDGE | H45: ISO | I45: 1x90s | M45: =H43 -> ISO | N45: =I45 -> 1x90s | R45: =H43 -> ISO | S45: =N45 -> 1x90s

Sheet Oberkörper5
E2: Körperkonstitution | O2: Logo
C3: Oberkörper
E4: Größe
C5: NAME | E5: Gewicht
C10: Preparatory | E10: General Preparation | I10: Technical Development | M10: Accumulation | Q10: Dynamic | S10: 2x12
B12: Bewegungshygiene 1 (BH1)
B13: =Unterkörper5!B13 -> LOADED - TGU - 1/2-KN. TO STAND | E13: =Unterkörper5!E13 -> LOADED PUSH UP CRAWL | G13: =Unterkörper5!G13 -> 2KB BOTTOM-UP WAITER CARRY | J13: =Unterkörper5!J13 -> BW 1-ARM OVERHEAD SQUAT | N13: =Unterkörper5!N13 -> 2 DIFFERENT KB SUITCASE DEADLIFT | R13: =Unterkörper5!R13 -> 2KB 1-LEG DEADLIFT TO BOX
B14: Bewegungshygiene 2 (BH2)
B15: =Unterkörper5!B15 -> LOADED ANKLE ROCKER SPLIT SQUAT | E15: =Unterkörper5!E15 -> ANKLE POS. 2 30 SEC | G15: =Unterkörper5!G15 -> LOADED LATERAL ANKLE SKIP | J15: =Unterkörper5!J15 -> LOADED 1-LEG B-SKIP | N15: =Unterkörper5!N15 -> REACTIVE 1-LEG LINEAR HOP - TO BOX (NCM) | R15: =Unterkörper5!R15 -> RESISTENT SQUAT JUMP
B16: =Unterkörper5!B17 -> LEVEL 5 | G16: Block 2
G17: Datum 1 | H17: Woche 1 | J17: Datum 2 | L17: Datum 3 | M17: Woche 2 | O17: Datum 4 | Q17: Datum 5 | R17: Woche 3 | T17: Datum 6
B18: Explosiv Block | G18: GEWICHT | H18: TEMPO | I18: SxR | J18: GEWICHT | L18: GEWICHT | M18: TEMPO | N18: SxR | O18: GEWICHT | Q18: GEWICHT | R18: TEMPO | S18: SxR | T18: GEWICHT
B19: 1 | C19: ASSISTEND SQUAT JUMP | H19: EXPL | I19: 3x5 | J19: BW | M19: =H19 -> EXPL | N19: 3x5 | O19: BW | R19: =H19 -> EXPL | S19: 3x5 | T19: BW
B20: 2 | C20: STAGGERED MB OH THROW | H20: EXPL | I20: 3x5 | M20: =H20 -> EXPL | N20: 3x5 | R20: =H20 -> EXPL | S20: 3x5
B21: 3 | C21: STAGGERED MB CHEST PASS | H21: EXPL | I21: 3x5 | M21: =H21 -> EXPL | N21: 3x5 | R21: =H21 -> EXPL | S21: 3x5
B23: Kraft Block (OKK) | G23: GEWICHT | H23: TEMPO | I23: SxR/RPE 8-9 | J23: GEWICHT | L23: =G23 -> GEWICHT | M23: TEMPO | N23: =I23 -> SxR/RPE 8-9 | O23: GEWICHT | Q23: =L23 -> GEWICHT | R23: TEMPO | S23: =I23 -> SxR/RPE 8-9 | T23: GEWICHT
B24: 1 | C24: PUSH UP VARIATION | H24: 2-1-1-0 | I24: 1x15 | M24: =H24 -> 2-1-1-0 | N24: =I24 -> 1x15 | R24: =H24 -> 2-1-1-0 | S24: =I24 -> 1x15
B25: 2 | C25: 1/2-KN 1-ARM CABLE/BAND PULLDOWN | H25: 2-1-1-0 | I25: 1x15 | M25: =H25 -> 2-1-1-0 | N25: =I25 -> 1x15 | R25: =H25 -> 2-1-1-0 | S25: =I25 -> 1x15
B26: 3 | C26: LOADED PUSH UP CRAWL | H26: 1-1-1-1 | I26: 2x15m | M26: =H26 -> 1-1-1-1 | N26: =I26 -> 2x15m | R26: =H26 -> 1-1-1-1 | S26: =I26 -> 2x15m
B28: 4 | C28: 1-KB 3 POINT HINGE ROW | H28: 2-1-1-0 | I28: 1x15 | M28: =H28 -> 2-1-1-0 | N28: =I28 -> 1x15 | R28: =H28 -> 2-1-1-0 | S28: =I28 -> 1x15
B29: 5 | C29: 1/2 KN LANDMINE OVERHEAD PRESS | H29: 2-1-1-0 | I29: 1x15 | M29: =H29 -> 2-1-1-0 | N29: =I29 -> 1x15 | R29: =H29 -> 2-1-1-0 | S29: =I29 -> 1x15
B30: 6 | C30: FEET ELEVATED PB STIR THE POT | H30: ISO | I30: 3x5 ea | M30: =H30 -> ISO | N30: =I30 -> 3x5 ea | R30: =H30 -> ISO | S30: =I30 -> 3x5 ea
B32: Kraft Block (Okp) | G32: GEWICHT | H32: TEMPO | I32: SxR/RPE 8-9 | J32: GEWICHT | L32: GEWICHT | M32: TEMPO | N32: =I32 -> SxR/RPE 8-9 | O32: GEWICHT | Q32: GEWICHT | R32: TEMPO | S32: =I32 -> SxR/RPE 8-9 | T32: GEWICHT
B33: 7 | C33: STANDING BB BICEP CURL | H33: 3-1-1-1 | I33: 1x15 | M33: =H33 -> 3-1-1-1 | N33: =I33 -> 1x15 | R33: =H33 -> 3-1-1-1 | S33: =I33 -> 1x15
B34: 8 | C34: STANDING BAND/CABLE 2-ARM TRICEP CURL | H34: 3-1-1-0 | I34: 1x15 | M34: =H34 -> 3-1-1-0 | N34: =I34 -> 1x15 | R34: =H34 -> 3-1-1-0 | S34: =I34 -> 1x15
B35: 9 | C35: PEZZIBALL BAND ROTATION CLOSED STANCE | H35: 2-1-1-0 | I35: 3x10s ea | M35: =H35 -> 2-1-1-0 | N35: =I35 -> 3x10s ea | R35: =H35 -> 2-1-1-0 | S35: =I35 -> 3x10s ea
B37: 10 | C37: LOADED ARM SUPINATION/PRONATION | H37: 3-1-1-1 | I37: 1x15 | M37: =H37 -> 3-1-1-1 | N37: =I37 -> 1x15 | R37: =H37 -> 3-1-1-1 | S37: =I37 -> 1x15
B38: 11 | C38: TENNISBALL SQUEEZE | H38: 5-0-3-0 | I38: 1x15 | M38: =H38 -> 5-0-3-0 | N38: =I38 -> 1x15 | R38: =H38 -> 5-0-3-0 | S38: =I38 -> 1x15
B39: 12 | C39: 1-ARM BAND SHOULDER EXTERNAL ROTATION | H39: 3-1-1-1 | I39: 1x15 | M39: =H39 -> 3-1-1-1 | N39: =I39 -> 1x15 | R39: =H39 -> 3-1-1-1 | S39: =I39 -> 1x15
B41: Halteübungen (Okiso) | G41: GEWICHT | H41: TEMPO | I41: SxR/RPE 9 | J41: GEWICHT | L41: =G41 -> GEWICHT | M41: TEMPO | N41: =I41 -> SxR/RPE 9 | O41: GEWICHT | Q41: =L41 -> GEWICHT | R41: TEMPO | S41: =I41 -> SxR/RPE 9 | T41: GEWICHT
B42: 13 | C42: PUSH UP PLANK | H42: ISO | I42: 1x90s | M42: =H42 -> ISO | N42: =I42 -> 1x90s | R42: =H42 -> ISO | S42: =N42 -> 1x90s
B43: 14 | C43: ISO HOLD PRONE BENCH "T" | H43: ISO | I43: 1x90s | M43: =H43 -> ISO | N43: =I43 -> 1x90s | R43: =H43 -> ISO | S43: =N43 -> 1x90s
B44: 15 | C44: 1/2-KN LANDMINE PRESS-ISO HOLD | H44: ISO | I44: 1x90s | M44: =H44 -> ISO | N44: =I44 -> 1x90s | R44: =H44 -> ISO | S44: =N44 -> 1x90s

Sheet Unterkörper6
E2: Körperkonstitution | O2: Logo
C3: Unterkörper
E4: Größe
C5: NAME | E5: Gewicht
C10: Preparatory | E10: General Preparation | I10: Technical Development | N10: Accumulation | Q10: Dynamic | S10: 2x12
B12: Bewegungshygiene 1 (BH1)
B13: LOADED - TGU - 1/2-KN. TO STAND | E13: LOADED LATERAL PUSH UP CRAWL | G13: 1KB OVERHEAD CARRY | J13: KB/BW GOBLET SQUAT | N13: DIFFERENT LOEDED TRAPBAR DEADLIFT | R13: 2KB 1-LEG DEADLIFT
B14: Bewegungshygiene 2 (BH2)
B15: LOADED ANKLE ROCKER MOONWALK | E15: ANKLE POS. 3 45 SEC | G15: LOADED LATERAL BOUND | J15: LOADED B-SKIP | N15: 1-LEG LATERAL HOP - TO BOX (CM) | R15: ASSISTENT SQUAT JUMP
B17: LEVEL 6 | G17: Block 1
G18: Datum 1 | H18: Woche 1 | J18: Datum 2 | L18: Datum 3 | M18: Woche 2 | O18: Datum 4 | Q18: Datum 5 | R18: Woche 3 | T18: Datum 6
B19: Explosiv Block | G19: GEWICHT | H19: TEMPO | I19: SxR | J19: GEWICHT | L19: TEMPO | M19: RPE | N19: SxR | O19: GEWICHT | Q19: TEMPO | R19: RPE | S19: SxR | T19: GEWICHT
B20: 1 | C20: LATERAL BOUND 45° W/STICK | H20: EXPL | I20: 3x5 | J20: BW | L20: EXPL | N20: 3x5 | O20: BW | Q20: EXPL | S20: 3x5 | T20: BW
B21: 2 | C21: SLIDE IN OPEN STANCE MED BALL SIDE TOSS | H21: EXPL | I21: 3x5 | L21: EXPL | N21: 3x5 | Q21: EXPL | S21: 3x5
B22: 3 | C22: SLIDE IN CLOSED STANCE MED BALL SIDE TOSS | H22: EXPL | I22: 3x5 | L22: EXPL | N22: 3x5 | Q22: EXPL | S22: 3x5
B24: Kraft Block (UKK) | G24: GEWICHT | H24: TEMPO | I24: SxR/RPE 8-9 | J24: GEWICHT | L24: =G24 -> GEWICHT | M24: TEMPO | N24: =I24 -> SxR/RPE 8-9 | O24: GEWICHT | Q24: =L24 -> GEWICHT | R24: TEMPO | S24: =I24 -> SxR/RPE 8-9 | T24: GEWICHT
B25: 1 | C25: BACK SQUAT W/ BARBELL | H25: 3-1-1-0 | I25: 1x10 | M25: =H25 -> 3-1-1-0 | N25: =I25 -> 1x10 | R25: =M25 -> 3-1-1-0 | S25: =N25 -> 1x10
B26: 2 | C26: LOADED 1-LEG HIP THRUST | H26: 3-1-1-1 | I26: 1x10 | M26: =H26 -> 3-1-1-1 | N26: =I26 -> 1x10 | R26: =M26 -> 3-1-1-1 | S26: =N26 -> 1x10
B27: 3 | C27: PB ROLL-OUT | H27: ISO | I27: 3x5 | M27: =H27 -> ISO | N27: =I27 -> 3x5 | R27: =H27 -> ISO | S27: =N27 -> 3x5
B29: 4 | C29: TRAP BAR DEADLIFT | H29: 3-1-1-0 | I29: 1x10 | M29: =H29 -> 3-1-1-0 | N29: =I29 -> 1x10 | R29: =H29 -> 3-1-1-0 | S29: =N29 -> 1x10
B30: 5 | C30: HEARBEAT LATERAL SPLIT SQUAT | H30: 3-1-1-1 | I30: 1x10 | M30: =H30 -> 3-1-1-1 | N30: =I30 -> 1x10 | R30: =H29 -> 3-1-1-0 | S30: =N30 -> 1x10
B31: 6 | C31: BENCH OBLIQUE ISO HOLD - CHEST PRESS | H31: ISO | I31: 3x10s ea | M31: =H31 -> ISO | N31: =I31 -> 3x10s ea | R31: =H31 -> ISO | S31: =N31 -> 3x10s ea
B33: Kraft Block (Ukp) | G33: GEWICHT | H33: TEMPO | I33: SxR/RPE 8-9 | J33: GEWICHT | L33: GEWICHT | M33: TEMPO | N33: =I33 -> SxR/RPE 8-9 | O33: GEWICHT | Q33: GEWICHT | R33: TEMPO | S33: =I33 -> SxR/RPE 8-9 | T33: GEWICHT
B34: 7 | C34: CROSS STEP UP MEDIUM STEPPER | H34: 3-1-1-1 | I34: 1x10 | M34: =H34 -> 3-1-1-1 | N34: =I34 -> 1x10 | R34: =H34 -> 3-1-1-1 | S34: =I34 -> 1x10
B35: 8 | C35: TK ANTI-ROTATION PRESS TO OVERHEAD | H35: 2-2-2-2 | I35: 3x5 ea | M35: =H35 -> 2-2-2-2 | N35: =I35 -> 3x5 ea | R35: =H35 -> 2-2-2-2 | S35: =N35 -> 3x5 ea
B36: 9 | C36: SEATED LEG ABD W/BAND + W/ISO LEG EXTERNAL ROT W/ANKLE WIPERS | H36: 2-1-1-0 | I36: 1x10 | M36: =H36 -> 2-1-1-0 | N36: =I36 -> 1x10 | R36: =H36 -> 2-1-1-0 | S36: =N36 -> 1x10
B38: 10 | C38: SIDE MARCH WITH MINIBANDS | H38: 3-1-1-1 | I38: 1x10 | M38: =H38 -> 3-1-1-1 | N38: =I38 -> 1x10 | R38: =H38 -> 3-1-1-1 | S38: =N38 -> 1x10
B39: 11 | C39: LOADED FOOT COPENHAGEN PLANK BLACKROLL | H39: ISO | I39: 3x10s ea | M39: =H39 -> ISO | N39: =I39 -> 3x10s ea | R39: =H39 -> ISO | S39: =N39 -> 3x10s ea
B40: 12 | C40: SEATED TIBIALIS RAISES | H40: 3-1-1-0 | I40: 1x10 | M40: =H40 -> 3-1-1-0 | N40: =I40 -> 1x10 | R40: =H40 -> 3-1-1-0 | S40: =N40 -> 1x10
B42: Halteübungen (Ukiso) | G42: GEWICHT | H42: TEMPO | I42: SxR/RPE 9 | J42: GEWICHT | L42: =G42 -> GEWICHT | M42: TEMPO | N42: =I42 -> SxR/RPE 9 | O42: GEWICHT | Q42: =L42 -> GEWICHT | R42: TEMPO | S42: =I42 -> SxR/RPE 9 | T42: GEWICHT
B43: 13 | C43: ISO HOLD 1-LEG CALF RAISE | H43: ISO | I43: 2x90s | M43: =H43 -> ISO | N43: =I43 -> 2x90s | R43: =H43 -> ISO | S43: =N43 -> 2x90s
B44: 14 | C44: ISO HOLD SPLIT SQUAT | H44: ISO | I44: 2x90s | M44: =H43 -> ISO | N44: =I44 -> 2x90s | R44: =H43 -> ISO | S44: =N44 -> 2x90s
B45: 15 | C45: 1-LEG HAMSTRING BRIDGE | H45: ISO | I45: 2x90s | M45: =H43 -> ISO | N45: =I45 -> 2x90s | R45: =H43 -> ISO | S45: =N45 -> 2x90s

Sheet Oberkörper6
E2: Körperkonstitution | O2: Logo
C3: Oberkörper
E4: Größe
C5: NAME | E5: Gewicht
C10: Preparatory | E10: General Preparation | I10: Technical Development | M10: Accumulation | Q10: Dynamic | S10: 2x12
B12: Bewegungshygiene 1 (BH1)
B13: =Unterkörper6!B13 -> LOADED - TGU - 1/2-KN. TO STAND | E13: =Unterkörper6!E13 -> LOADED LATERAL PUSH UP CRAWL | G13: =Unterkörper6!G13 -> 1KB OVERHEAD CARRY | J13: =Unterkörper6!J13 -> KB/BW GOBLET SQUAT | N13: =Unterkörper6!N13 -> DIFFERENT LOEDED TRAPBAR DEADLIFT | R13: =Unterkörper6!R13 -> 2KB 1-LEG DEADLIFT
B14: Bewegungshygiene 2 (BH2)
B15: =Unterkörper6!B15 -> LOADED ANKLE ROCKER MOONWALK | E15: =Unterkörper6!E15 -> ANKLE POS. 3 45 SEC | G15: =Unterkörper6!G15 -> LOADED LATERAL BOUND | J15: =Unterkörper6!J15 -> LOADED B-SKIP | N15: =Unterkörper6!N15 -> 1-LEG LATERAL HOP - TO BOX (CM) | R15: =Unterkörper6!R15 -> ASSISTENT SQUAT JUMP
B16: =Unterkörper6!B17 -> LEVEL 6 | G16: Block 2
G17: Datum 1 | H17: Woche 1 | J17: Datum 2 | L17: Datum 3 | M17: Woche 2 | O17: Datum 4 | Q17: Datum 5 | R17: Woche 3 | T17: Datum 6
B18: Explosiv Block | G18: GEWICHT | H18: TEMPO | I18: SxR | J18: GEWICHT | L18: GEWICHT | M18: TEMPO | N18: SxR | O18: GEWICHT | Q18: GEWICHT | R18: TEMPO | S18: SxR | T18: GEWICHT
B19: 1 | C19: ASSISTEND CMJ | H19: EXPL | I19: 3x5 | J19: BW | M19: =H19 -> EXPL | N19: 3x5 | O19: BW | R19: =H19 -> EXPL | S19: 3x5 | T19: BW
B20: 2 | C20: BASE MB OH THROW | H20: EXPL | I20: 3x5 | M20: =H20 -> EXPL | N20: 3x5 | R20: =H20 -> EXPL | S20: 3x5
B21: 3 | C21: BASE MB CHEST PASS | H21: EXPL | I21: 3x5 | M21: =H21 -> EXPL | N21: 3x5 | R21: =H21 -> EXPL | S21: 3x5
B23: Kraft Block (OKK) | G23: GEWICHT | H23: TEMPO | I23: SxR/RPE 8-9 | J23: GEWICHT | L23: =G23 -> GEWICHT | M23: TEMPO | N23: =I23 -> SxR/RPE 8-9 | O23: GEWICHT | Q23: =L23 -> GEWICHT | R23: TEMPO | S23: =I23 -> SxR/RPE 8-9 | T23: GEWICHT
B24: 1 | C24: LOADED PUSH UP | H24: 3-1-1-0 | I24: 1x10 | M24: =H24 -> 3-1-1-0 | N24: =I24 -> 1x10 | R24: =H24 -> 3-1-1-0 | S24: =I24 -> 1x10
B25: 2 | C25: BAND SUPPORTED PULL UP | H25: 3-1-1-1 | I25: 1x10 | M25: =H25 -> 3-1-1-1 | N25: =I25 -> 1x10 | R25: =H25 -> 3-1-1-1 | S25: =I25 -> 1x10
B26: 3 | C26: LOADED LATERAL PUSH UP CRAWL | H26: 1-1-1-1 | I26: 2x15m | M26: =H26 -> 1-1-1-1 | N26: =I26 -> 2x15m | R26: =H26 -> 1-1-1-1 | S26: =I26 -> 2x15m
B28: 4 | C28: 1-KB 2 POINT 1 -LEG HINGE ROW | H28: 3-1-1-0 | I28: 1x10 | M28: =H28 -> 3-1-1-0 | N28: =I28 -> 1x10 | R28: =H28 -> 3-1-1-0 | S28: =I28 -> 1x10
B29: 5 | C29: 1/2 KN LANDMINE OVERHEAD PRESS | H29: 3-1-1-1 | I29: 1x10 | M29: =H29 -> 3-1-1-1 | N29: =I29 -> 1x10 | R29: =H29 -> 3-1-1-1 | S29: =I29 -> 1x10
B30: 6 | C30: PB ROLL-OUT | H30: 2-1-1-0 | I30: 3x5 ea | M30: =H30 -> 2-1-1-0 | N30: =I30 -> 3x5 ea | R30: =H30 -> 2-1-1-0 | S30: =I30 -> 3x5 ea
B32: Kraft Block (Okp) | G32: GEWICHT | H32: TEMPO | I32: SxR/RPE 8-9 | J32: GEWICHT | L32: GEWICHT | M32: TEMPO | N32: =I32 -> SxR/RPE 8-9 | O32: GEWICHT | Q32: GEWICHT | R32: TEMPO | S32: =I32 -> SxR/RPE 8-9 | T32: GEWICHT
B33: 7 | C33: STANDING BB BICEP CURL | H33: 3-1-1-1 | I33: 1x10 | M33: =H33 -> 3-1-1-1 | N33: =I33 -> 1x10 | R33: =H33 -> 3-1-1-1 | S33: =I33 -> 1x10
B34: 8 | C34: STANDING BAND/CABLE 2-ARM TRICEP CURL | H34: 2-1-1-0 | I34: 1x10 | M34: =H34 -> 2-1-1-0 | N34: =I34 -> 1x10 | R34: =H34 -> 2-1-1-0 | S34: =I34 -> 1x10
B35: 9 | C35: PEZZIBALL BAND ROTATION OPEN STANCE | H35: 2-1-1-0 | I35: 3x10s ea | M35: =H35 -> 2-1-1-0 | N35: =I35 -> 3x10s ea | R35: =H35 -> 2-1-1-0 | S35: =I35 -> 3x10s ea
B37: 10 | C37: LOADED ARM SUPINATION/PRONATION | H37: 2-1-1-0 | I37: 1x10 | M37: =H37 -> 2-1-1-0 | N37: =I37 -> 1x10 | R37: =H37 -> 2-1-1-0 | S37: =I37 -> 1x10
B38: 11 | C38: FLEXBAR WRING | H38: 5-0-3-0 | I38: 1x10 | M38: =H38 -> 5-0-3-0 | N38: =I38 -> 1x10 | R38: =H38 -> 5-0-3-0 | S38: =I38 -> 1x10
B39: 12 | C39: 1-ARM BAND SHOULDER EXTERNAL ROTATION 90° | H39: 3-1-1-1 | I39: 1x10 | M39: =H39 -> 3-1-1-1 | N39: =I39 -> 1x10 | R39: =H39 -> 3-1-1-1 | S39: =I39 -> 1x10
B41: Halteübungen (Okiso) | G41: GEWICHT | H41: TEMPO | I41: SxR/RPE 9 | J41: GEWICHT | L41: =G41 -> GEWICHT | M41: TEMPO | N41: =I41 -> SxR/RPE 9 | O41: GEWICHT | Q41: =L41 -> GEWICHT | R41: TEMPO | S41: =I41 -> SxR/RPE 9 | T41: GEWICHT
B42: 13 | C42: PUSH UP PLANK | H42: ISO | I42: 2x90s | M42: =H42 -> ISO | N42: =I42 -> 2x90s | R42: =H42 -> ISO | S42: =N42 -> 2x90s
B43: 14 | C43: ISO HOLD PRONE BENCH "T" | H43: ISO | I43: 2x90s | M43: =H43 -> ISO | N43: =I43 -> 2x90s | R43: =H43 -> ISO | S43: =N43 -> 2x90s
B44: 15 | C44: 1/2-KN LANDMINE PRESS-ISO HOLD | H44: ISO | I44: 2x90s | M44: =H44 -> ISO | N44: =I44 -> 2x90s | R44: =H44 -> ISO | S44: =N44 -> 2x90s

Sheet Unterkörper7
E2: Körperkonstitution | O2: Logo
C3: Unterkörper
E4: Größe
C5: NAME | E5: Gewicht
C10: Preparatory | E10: General Preparation | I10: Technical Development | N10: Accumulation | Q10: Dynamic | S10: 2x12
B12: Bewegungshygiene 1 (BH1)
B13: LOADED - TGU - 1/2-KN. TO STAND | E13: CIRCLE CRAWL | G13: 2KB RACK CARRY | J13: 2KB RACK SQUAT | N13: 1-ARM 1KB SUMO DEADLIFT | R13: 1KB 1-LEG DEADLIFT TO BOX
B14: Bewegungshygiene 2 (BH2)
B15: LOADED ANKLE ROCKER 1-LEG SQUAT | E15: SEATED CALF RAISE 90° MAX FORCE 10 SEC | G15: LOADED 1-ARM WAITER ANKLE MARCH | J15: LOADED C-SKIP | N15: 1-LEG MEDIAL HOP - TO BOX (CM) | R15: REACTIVE SQUAT JUMP
B17: LEVEL 7 | G17: Block 1
G18: Datum 1 | H18: Woche 1 | J18: Datum 2 | L18: Datum 3 | M18: Woche 2 | O18: Datum 4 | Q18: Datum 5 | R18: Woche 3 | T18: Datum 6
B19: Explosiv Block | G19: GEWICHT | H19: TEMPO | I19: SxR | J19: GEWICHT | L19: TEMPO | M19: RPE | N19: SxR | O19: GEWICHT | Q19: TEMPO | R19: RPE | S19: SxR | T19: GEWICHT
B20: 1 | C20: LATERAL BOUND 45° W/ MINI HOP W/STICK | H20: EXPL | I20: 3x5 | J20: BW | L20: EXPL | N20: 3x5 | O20: BW | Q20: EXPL | S20: 3x5 | T20: BW
B21: 2 | C21: SLIDE IN OPEN STANCE MED BALL SIDE TOSS W/ HOP | H21: EXPL | I21: 3x5 | L21: EXPL | N21: 3x5 | Q21: EXPL | S21: 3x5
B22: 3 | H22: EXPL | I22: 3x5 | L22: EXPL | N22: 3x5 | Q22: EXPL | S22: 3x5
B24: Kraft Block (UKK) | G24: GEWICHT | H24: TEMPO | I24: SxR/RPE 7-8 | J24: GEWICHT | L24: =G24 -> GEWICHT | M24: TEMPO | N24: =I24 -> SxR/RPE 7-8 | O24: GEWICHT | Q24: =L24 -> GEWICHT | R24: TEMPO | S24: =I24 -> SxR/RPE 7-8 | T24: GEWICHT
B25: 1 | C25: BACK SQUAT W/ BARBELL | H25: 3-1-1-0 | I25: 2x12 | M25: =H25 -> 3-1-1-0 | N25: =I25 -> 2x12 | R25: =M25 -> 3-1-1-0 | S25: =N25 -> 2x12
B26: 2 | C26: 1KB 1-LEG DEADLIFT | H26: 3-1-1-1 | I26: 2x12 | M26: =H26 -> 3-1-1-1 | N26: =I26 -> 2x12 | R26: =M26 -> 3-1-1-1 | S26: =N26 -> 2x12
B27: 3 | C27: KNEES ELEVATED PB ROLL-OUT | H27: 3-1-1-1 | I27: 3x5 | M27: =H27 -> 3-1-1-1 | N27: =I27 -> 3x5 | R27: =H27 -> 3-1-1-1 | S27: =N27 -> 3x5
B29: 4 | C29: TRAP BAR DEADLIFT | H29: 3-1-1-0 | I29: 2x12 | M29: =H29 -> 3-1-1-0 | N29: =I29 -> 2x12 | R29: =H29 -> 3-1-1-0 | S29: =N29 -> 2x12
B30: 5 | C30: KB GOBLET SPLIT SQUAT | H30: 3-1-1-1 | I30: 2x12 | M30: =H30 -> 3-1-1-1 | N30: =I30 -> 2x12 | R30: =H29 -> 3-1-1-0 | S30: =N30 -> 2x12
B31: 6 | C31: LOADED BENCH OBLIQUE ISO HOLD - HEAD | H31: ISO | I31: 3x10s ea | M31: =H31 -> ISO | N31: =I31 -> 3x10s ea | R31: =H31 -> ISO | S31: =N31 -> 3x10s ea
B33: Kraft Block (Ukp) | G33: GEWICHT | H33: TEMPO | I33: SxR/RPE 7-8 | J33: GEWICHT | L33: GEWICHT | M33: TEMPO | N33: =I33 -> SxR/RPE 7-8 | O33: GEWICHT | Q33: GEWICHT | R33: TEMPO | S33: =I33 -> SxR/RPE 7-8 | T33: GEWICHT
B34: 7 | C34: CROSS STEP UP HIGH STEPPER | H34: 3-1-1-1 | I34: 2x12 | M34: =H34 -> 3-1-1-1 | N34: =I34 -> 2x12 | R34: =H34 -> 3-1-1-1 | S34: =I34 -> 2x12
B35: 8 | C35: BASE POSITION ANTI-ROTATION HOLD | H35: ISO | I35: 3x10s ea | M35: =H35 -> ISO | N35: =I35 -> 3x10s ea | R35: =H35 -> ISO | S35: =N35 -> 3x10s ea
B36: 9 | C36: STANDING PEZZIBALL EXTERNAL ROTATION | H36: ISO | I36: 3x10s | M36: =H36 -> ISO | N36: =I36 -> 3x10s | R36: =H36 -> ISO | S36: =N36 -> 3x10s
B38: 10 | C38: LOADED SIDE MARCH W/MINIBAND | H38: 3-1-1-1 | I38: 2x12 | M38: =H38 -> 3-1-1-1 | N38: =I38 -> 2x12 | R38: =H38 -> 3-1-1-1 | S38: =N38 -> 2x12
B39: 11 | C39: LOADED FOOT COPENHAGEN PLANK BLACKROLL | H39: ISO | I39: 3x10s ea | M39: =H39 -> ISO | N39: =I39 -> 3x10s ea | R39: =H39 -> ISO | S39: =N39 -> 3x10s ea
B40: 12 | C40: TIBIALIS RAISES TOUCHING WALL WITH TOES | H40: 3-1-1-1 | I40: 2x12 | M40: =H40 -> 3-1-1-1 | N40: =I40 -> 2x12 | R40: =H40 -> 3-1-1-1 | S40: =N40 -> 2x12
B42: Halteübungen (Ukiso) | G42: GEWICHT | H42: TEMPO | I42: SxR/RPE 9 | J42: GEWICHT | L42: =G42 -> GEWICHT | M42: TEMPO | N42: =I42 -> SxR/RPE 9 | O42: GEWICHT | Q42: =L42 -> GEWICHT | R42: TEMPO | S42: =I42 -> SxR/RPE 9 | T42: GEWICHT
B43: 13 | C43: ISO HOLD 1-LEG CALF RAISE | H43: ISO | I43: 2x30s | M43: =H43 -> ISO | N43: =I43 -> 2x30s | R43: =H43 -> ISO | S43: =N43 -> 2x30s
B44: 14 | C44: ISO HOLD SPLIT SQUAT | H44: ISO | I44: 2x30s | M44: =H43 -> ISO | N44: =I44 -> 2x30s | R44: =H43 -> ISO | S44: =N44 -> 2x30s
B45: 15 | C45: 1-LEG HAMSTRING BRIDGE | H45: ISO | I45: 2x30s | M45: =H43 -> ISO | N45: =I45 -> 2x30s | R45: =H43 -> ISO | S45: =N45 -> 2x30s

Sheet Oberkörper7
E2: Körperkonstitution | O2: Logo
C3: Oberkörper
E4: Größe
C5: NAME | E5: Gewicht
C10: Preparatory | E10: General Preparation | I10: Technical Development | M10: Accumulation | Q10: Dynamic | S10: 2x12
B12: Bewegungshygiene 1 (BH1)
B13: =Unterkörper7!B13 -> LOADED - TGU - 1/2-KN. TO STAND | E13: =Unterkörper7!E13 -> CIRCLE CRAWL | G13: =Unterkörper7!G13 -> 2KB RACK CARRY | J13: =Unterkörper7!J13 -> 2KB RACK SQUAT | N13: =Unterkörper7!N13 -> 1-ARM 1KB SUMO DEADLIFT | R13: =Unterkörper7!R13 -> 1KB 1-LEG DEADLIFT TO BOX
B14: Bewegungshygiene 2 (BH2)
B15: =Unterkörper7!B15 -> LOADED ANKLE ROCKER 1-LEG SQUAT | E15: =Unterkörper7!E15 -> SEATED CALF RAISE 90° MAX FORCE 10 SEC | G15: =Unterkörper7!G15 -> LOADED 1-ARM WAITER ANKLE MARCH | J15: =Unterkörper7!J15 -> LOADED C-SKIP | N15: =Unterkörper7!N15 -> 1-LEG MEDIAL HOP - TO BOX (CM) | R15: =Unterkörper7!R15 -> REACTIVE SQUAT JUMP
B16: =Unterkörper7!B17 -> LEVEL 7 | G16: Block 2
G17: Datum 1 | H17: Woche 1 | J17: Datum 2 | L17: Datum 3 | M17: Woche 2 | O17: Datum 4 | Q17: Datum 5 | R17: Woche 3 | T17: Datum 6
B18: Explosiv Block | G18: GEWICHT | H18: TEMPO | I18: SxR | J18: GEWICHT | L18: GEWICHT | M18: TEMPO | N18: SxR | O18: GEWICHT | Q18: GEWICHT | R18: TEMPO | S18: SxR | T18: GEWICHT
B19: 1 | C19: REACTIVE SQUAT JUMP | H19: EXPL | I19: 3x5 | J19: BW | M19: =H19 -> EXPL | N19: 3x5 | O19: BW | R19: =H19 -> EXPL | S19: 3x5 | T19: BW
B20: 2 | C20: MED BALL SLAM | H20: EXPL | I20: 3x5 | M20: =H20 -> EXPL | N20: 3x5 | R20: =H20 -> EXPL | S20: 3x5
B21: 3 | C21: BASE MB CHEST PASS | H21: EXPL | I21: 3x5 | M21: =H21 -> EXPL | N21: 3x5 | R21: =H21 -> EXPL | S21: 3x5
B23: Kraft Block (OKK) | G23: GEWICHT | H23: TEMPO | I23: SxR/RPE 7-8 | J23: GEWICHT | L23: =G23 -> GEWICHT | M23: TEMPO | N23: =I23 -> SxR/RPE 7-8 | O23: GEWICHT | Q23: =L23 -> GEWICHT | R23: TEMPO | S23: =I23 -> SxR/RPE 7-8 | T23: GEWICHT
B24: 1 | C24: PUSH UP VARIATION | H24: 2-1-1-0 | I24: 2x12 | M24: =H24 -> 2-1-1-0 | N24: =I24 -> 2x12 | R24: =H24 -> 2-1-1-0 | S24: =I24 -> 2x12
B25: 2 | C25: BAND SUPPORTED PULL UP | H25: 2-1-1-0 | I25: 2x12 | M25: =H25 -> 2-1-1-0 | N25: =I25 -> 2x12 | R25: =H25 -> 2-1-1-0 | S25: =I25 -> 2x12
B26: 3 | C26: BEAR CRAWL STRAIGHT LEGS | H26: 1-1-1-1 | I26: 2x15m | M26: =H26 -> 1-1-1-1 | N26: =I26 -> 2x15m | R26: =H26 -> 1-1-1-1 | S26: =I26 -> 2x15m
B28: 4 | C28: 2 ARM TRX ROW | H28: 2-1-1-0 | I28: 2x12 | M28: =H28 -> 2-1-1-0 | N28: =I28 -> 2x12 | R28: =H28 -> 2-1-1-0 | S28: =I28 -> 2x12
B29: 5 | C29: 1/2 KN LANDMINE OVERHEAD PRESS | H29: 2-1-1-0 | I29: 2x12 | M29: =H29 -> 2-1-1-0 | N29: =I29 -> 2x12 | R29: =H29 -> 2-1-1-0 | S29: =I29 -> 2x12
B30: 6 | C30: KNEES ELEVATED PB ROLL-OUT | H30: 3-1-1-1 | I30: 3x5 ea | M30: =H30 -> 3-1-1-1 | N30: =I30 -> 3x5 ea | R30: =H30 -> 3-1-1-1 | S30: =I30 -> 3x5 ea
B32: Kraft Block (Okp) | G32: GEWICHT | H32: TEMPO | I32: SxR/RPE 7-8 | J32: GEWICHT | L32: GEWICHT | M32: TEMPO | N32: =I32 -> SxR/RPE 7-8 | O32: GEWICHT | Q32: GEWICHT | R32: TEMPO | S32: =I32 -> SxR/RPE 7-8 | T32: GEWICHT
B33: 7 | C33: STANDING BB BICEP CURL | H33: 3-1-1-1 | I33: 2x12 | M33: =H33 -> 3-1-1-1 | N33: =I33 -> 2x12 | R33: =H33 -> 3-1-1-1 | S33: =I33 -> 2x12
B34: 8 | C34: STANDING BAND/CABLE TRICEP CURL | H34: 3-1-1-1 | I34: 2x12 | M34: =H34 -> 3-1-1-1 | N34: =I34 -> 2x12 | R34: =H34 -> 3-1-1-1 | S34: =I34 -> 2x12
B35: 9 | C35: TK PEZZIBALL BAND ROTATION | H35: 2-1-1-0 | I35: 2x12 | M35: =H35 -> 2-1-1-0 | N35: =I35 -> 2x12 | R35: =H35 -> 2-1-1-0 | S35: =I35 -> 2x12
B37: 10 | C37: LOADED ARM SUPINATION/PRONATION | H37: 3-1-1-1 | I37: 2x12 | M37: =H37 -> 3-1-1-1 | N37: =I37 -> 2x12 | R37: =H37 -> 3-1-1-1 | S37: =I37 -> 2x12
B38: 11 | C38: FLEXBAR WRING VERTICAL | H38: 5-0-3-0 | I38: 2x12 | M38: =H38 -> 5-0-3-0 | N38: =I38 -> 2x12 | R38: =H38 -> 5-0-3-0 | S38: =I38 -> 2x12
B39: 12 | C39: 2-ARM BAND SHOULDER EXTERNAL ROTATION 90° | H39: 3-1-1-1 | I39: 2x12 | M39: =H39 -> 3-1-1-1 | N39: =I39 -> 2x12 | R39: =H39 -> 3-1-1-1 | S39: =I39 -> 2x12
B41: Halteübungen (Okiso) | G41: GEWICHT | H41: TEMPO | I41: SxR/RPE 9 | J41: GEWICHT | L41: =G41 -> GEWICHT | M41: TEMPO | N41: =I41 -> SxR/RPE 9 | O41: GEWICHT | Q41: =L41 -> GEWICHT | R41: TEMPO | S41: =I41 -> SxR/RPE 9 | T41: GEWICHT
B42: 13 | C42: PUSH UP PLANK | H42: ISO | I42: 2x30s | M42: =H42 -> ISO | N42: =I42 -> 2x30s | R42: =H42 -> ISO | S42: =N42 -> 2x30s
B43: 14 | C43: ISO HOLD PRONE BENCH "T" | H43: ISO | I43: 2x30s | M43: =H43 -> ISO | N43: =I43 -> 2x30s | R43: =H43 -> ISO | S43: =N43 -> 2x30s
B44: 15 | C44: 1/2-KN LANDMINE PRESS-ISO HOLD | H44: ISO | I44: 2x30s | M44: =H44 -> ISO | N44: =I44 -> 2x30s | R44: =H44 -> ISO | S44: =N44 -> 2x30s

Sheet Unterkörper8
E2: Körperkonstitution | O2: Logo
C3: Unterkörper
E4: Größe
C5: NAME | E5: Gewicht
C10: Preparatory | E10: General Preparation | I10: Technical Development | N10: Accumulation | Q10: Dynamic | S10: 2x12
B12: Bewegungshygiene 1 (BH1)
B13: LOADED - TGU - 1/2-KN. TO STAND | E13: CRAB CRAWL | G13: 2KB SUITCASE CARRY | J13: 1-ARM 1KB RACK SQUAT | N13: 2KB SUITCASE DEADLIFT | R13: LANDMINE 1-LEG DEADLIFT
B14: Bewegungshygiene 2 (BH2)
B15: LOADED ANKLE ROCKER PUSH PULL | E15: SEATED CALF RAISE 90° MAX FORCE 15 SEC | G15: LOADED 1-ARM WAITER ANKLE SKIPS | J15: LOADED LATERAL SKIP | N15: 1-LEG LINEAR HOP - TO BOX (CM) | R15: REAKTIV CMJ
B17: LEVEL 8 | G17: Block 1
G18: Datum 1 | H18: Woche 1 | J18: Datum 2 | L18: Datum 3 | M18: Woche 2 | O18: Datum 4 | Q18: Datum 5 | R18: Woche 3 | T18: Datum 6
B19: Explosiv Block | G19: GEWICHT | H19: TEMPO | I19: SxR | J19: GEWICHT | L19: TEMPO | M19: RPE | N19: SxR | O19: GEWICHT | Q19: TEMPO | R19: RPE | S19: SxR | T19: GEWICHT
B20: 1 | C20: LATERAL BOUND 45° W/ HIGH HOP W/STICK | H20: EXPL | I20: 3x5 | J20: BW | L20: EXPL | N20: 3x5 | O20: BW | Q20: EXPL | S20: 3x5 | T20: BW
B21: 2 | C21: SLIDE IN OPEN STANCE MED BALL SIDE TOSS W/ BOUND | H21: EXPL | I21: 3x5 | L21: EXPL | N21: 3x5 | Q21: EXPL | S21: 3x5
B22: 3 | H22: EXPL | I22: 3x5 | L22: EXPL | N22: 3x5 | Q22: EXPL | S22: 3x5
B24: Kraft Block (UKK) | G24: GEWICHT | H24: TEMPO | I24: SxR/RPE 7-8 | J24: GEWICHT | L24: =G24 -> GEWICHT | M24: TEMPO | N24: =I24 -> SxR/RPE 7-8 | O24: GEWICHT | Q24: =L24 -> GEWICHT | R24: TEMPO | S24: =I24 -> SxR/RPE 7-8 | T24: GEWICHT
B25: 1 | C25: BACK SQUAT W/ BARBELL | H25: 3-1-1-0 | I25: 3x8 | M25: =H25 -> 3-1-1-0 | N25: =I25 -> 3x8 | R25: =M25 -> 3-1-1-0 | S25: =N25 -> 3x8
B26: 2 | C26: BB 1-LEG DEADLIFT | H26: 3-1-1-1 | I26: 3x8 | M26: =H26 -> 3-1-1-1 | N26: =I26 -> 3x8 | R26: =M26 -> 3-1-1-1 | S26: =N26 -> 3x8
B27: 3 | C27: PLANK - SWITCH ON BACK AND PULL THROUGH | H27: ISO | I27: 3x5 | M27: =H27 -> ISO | N27: =I27 -> 3x5 | R27: =H27 -> ISO | S27: =N27 -> 3x5
B29: 4 | C29: TRAP BAR DEADLIFT | H29: 3-1-1-0 | I29: 3x8 | M29: =H29 -> 3-1-1-0 | N29: =I29 -> 3x8 | R29: =H29 -> 3-1-1-0 | S29: =N29 -> 3x8
B30: 5 | C30: GOBLET BULGARIAN SPLIT SQUAT | H30: 3-1-1-1 | I30: 3x8 | M30: =H30 -> 3-1-1-1 | N30: =I30 -> 3x8 | R30: =H29 -> 3-1-1-0 | S30: =N30 -> 3x8
B31: 6 | C31: LOADED BENCH OBLIQUE ISO HOLD - OH | H31: ISO | I31: 3x10s ea | M31: =H31 -> ISO | N31: =I31 -> 3x10s ea | R31: =H31 -> ISO | S31: =N31 -> 3x10s ea
B33: Kraft Block (Ukp) | G33: GEWICHT | H33: TEMPO | I33: SxR/RPE 7-8 | J33: GEWICHT | L33: GEWICHT | M33: TEMPO | N33: =I33 -> SxR/RPE 7-8 | O33: GEWICHT | Q33: GEWICHT | R33: TEMPO | S33: =I33 -> SxR/RPE 7-8 | T33: GEWICHT
B34: 7 | C34: SUPPORTED 1-LEG SQUAT | H34: 3-1-1-1 | I34: 2x12 | M34: =H34 -> 3-1-1-1 | N34: =I34 -> 2x12 | R34: =H34 -> 3-1-1-1 | S34: =I34 -> 2x12
B35: 8 | C35: BASE POSITION ANTI-ROTATION PRESS | H35: 2-2-2-2 | I35: 3x5 ea | M35: =H35 -> 2-2-2-2 | N35: =I35 -> 3x5 ea | R35: =H35 -> 2-2-2-2 | S35: =N35 -> 3x5 ea
B36: 9 | C36: 1-LEG MINIBAND PEZZIBALL EXTERNAL ROTATION | H36: ISO | I36: 3x10s | M36: =H36 -> ISO | N36: =I36 -> 3x10s | R36: =H36 -> ISO | S36: =N36 -> 3x10s
B38: 10 | C38: LOADED OH SIDE MARCH W/ MINIBAND | H38: 3-1-1-1 | I38: 2x12 | M38: =H38 -> 3-1-1-1 | N38: =I38 -> 2x12 | R38: =H38 -> 3-1-1-1 | S38: =N38 -> 2x12
B39: 11 | C39: LOADED FOOT COPENHAGEN PLANK TRX | H39: ISO | I39: 3x10s ea | M39: =H39 -> ISO | N39: =I39 -> 3x10s ea | R39: =H39 -> ISO | S39: =N39 -> 3x10s ea
B40: 12 | C40: 1-LEG TIBIALIS RAISES | H40: 3-1-1-1 | I40: 2x12 | M40: =H40 -> 3-1-1-1 | N40: =I40 -> 2x12 | R40: =H40 -> 3-1-1-1 | S40: =N40 -> 2x12
B42: Halteübungen (Ukiso) | G42: GEWICHT | H42: TEMPO | I42: SxR/RPE 9 | J42: GEWICHT | L42: =G42 -> GEWICHT | M42: TEMPO | N42: =I42 -> SxR/RPE 9 | O42: GEWICHT | Q42: =L42 -> GEWICHT | R42: TEMPO | S42: =I42 -> SxR/RPE 9 | T42: GEWICHT
B43: 13 | C43: ISO HOLD 1-LEG CALF RAISE | H43: ISO | I43: 3x10s ea | M43: =H43 -> ISO | N43: =I43 -> 3x10s ea | R43: =H43 -> ISO | S43: =N43 -> 3x10s ea
B44: 14 | C44: ISO HOLD SPLIT SQUAT | H44: ISO | I44: 3x10s ea | M44: =H43 -> ISO | N44: =I44 -> 3x10s ea | R44: =H43 -> ISO | S44: =N44 -> 3x10s ea
B45: 15 | C45: 1-LEG HAMSTRING BRIDGE | H45: ISO | I45: 3x10s ea | M45: =H43 -> ISO | N45: =I45 -> 3x10s ea | R45: =H43 -> ISO | S45: =N45 -> 3x10s ea

Sheet Oberkörper8
E2: Körperkonstitution | O2: Logo
C3: Oberkörper
E4: Größe
C5: NAME | E5: Gewicht
C10: Preparatory | E10: General Preparation | I10: Technical Development | M10: Accumulation | Q10: Dynamic | S10: 2x12
B12: Bewegungshygiene 1 (BH1)
B13: =Unterkörper8!B13 -> LOADED - TGU - 1/2-KN. TO STAND | E13: =Unterkörper8!E13 -> CRAB CRAWL | G13: =Unterkörper8!G13 -> 2KB SUITCASE CARRY | J13: =Unterkörper8!J13 -> 1-ARM 1KB RACK SQUAT | N13: =Unterkörper8!N13 -> 2KB SUITCASE DEADLIFT | R13: =Unterkörper8!R13 -> LANDMINE 1-LEG DEADLIFT
B14: Bewegungshygiene 2 (BH2)
B15: =Unterkörper8!B15 -> LOADED ANKLE ROCKER PUSH PULL | E15: =Unterkörper8!E15 -> SEATED CALF RAISE 90° MAX FORCE 15 SEC | G15: =Unterkörper8!G15 -> LOADED 1-ARM WAITER ANKLE SKIPS | J15: =Unterkörper8!J15 -> LOADED LATERAL SKIP | N15: =Unterkörper8!N15 -> 1-LEG LINEAR HOP - TO BOX (CM) | R15: =Unterkörper8!R15 -> REAKTIV CMJ
B16: =Unterkörper8!B17 -> LEVEL 8 | G16: Block 2
G17: Datum 1 | H17: Woche 1 | J17: Datum 2 | L17: Datum 3 | M17: Woche 2 | O17: Datum 4 | Q17: Datum 5 | R17: Woche 3 | T17: Datum 6
B18: Explosiv Block | G18: GEWICHT | H18: TEMPO | I18: SxR | J18: GEWICHT | L18: GEWICHT | M18: TEMPO | N18: SxR | O18: GEWICHT | Q18: GEWICHT | R18: TEMPO | S18: SxR | T18: GEWICHT
B19: 1 | C19: REACTIVE CMJ | H19: EXPL | I19: 3x5 | J19: BW | M19: =H19 -> EXPL | N19: 3x5 | O19: BW | R19: =H19 -> EXPL | S19: 3x5 | T19: BW
B20: 2 | C20: 1-LEG MED BALL SLAM | H20: EXPL | I20: 3x5 | M20: =H20 -> EXPL | N20: 3x5 | R20: =H20 -> EXPL | S20: 3x5
B21: 3 | C21: ROT OH MED BALL SLAM W/ 2-ARM CHEST PASS PARALLEL | H21: EXPL | I21: 3x5 | M21: =H21 -> EXPL | N21: 3x5 | R21: =H21 -> EXPL | S21: 3x5
B23: Kraft Block (OKK) | G23: GEWICHT | H23: TEMPO | I23: SxR/RPE 7-8 | J23: GEWICHT | L23: =G23 -> GEWICHT | M23: TEMPO | N23: =I23 -> SxR/RPE 7-8 | O23: GEWICHT | Q23: =L23 -> GEWICHT | R23: TEMPO | S23: =I23 -> SxR/RPE 7-8 | T23: GEWICHT
B24: 1 | C24: LOADED PUSH UP | H24: 2-1-1-0 | I24: 3x8 | M24: =H24 -> 2-1-1-0 | N24: =I24 -> 3x8 | R24: =H24 -> 2-1-1-0 | S24: =I24 -> 3x8
B25: 2 | C25: BAND SUPPORTED PULL UP | H25: 2-1-1-0 | I25: 3x8 | M25: =H25 -> 2-1-1-0 | N25: =I25 -> 3x8 | R25: =H25 -> 2-1-1-0 | S25: =I25 -> 3x8
B26: 3 | C26: CRAWL WITH SIT THROUGH | H26: 1-1-1-1 | I26: 2x15m | M26: =H26 -> 1-1-1-1 | N26: =I26 -> 2x15m | R26: =H26 -> 1-1-1-1 | S26: =I26 -> 2x15m
B28: 4 | C28: BARBELL ROW | H28: 2-1-1-0 | I28: 3x8 | M28: =H28 -> 2-1-1-0 | N28: =I28 -> 3x8 | R28: =H28 -> 2-1-1-0 | S28: =I28 -> 3x8
B29: 5 | C29: 1/2 KN LANDMINE OVERHEAD PRESS | H29: 2-1-1-0 | I29: 3x8 | M29: =H29 -> 2-1-1-0 | N29: =I29 -> 3x8 | R29: =H29 -> 2-1-1-0 | S29: =I29 -> 3x8
B30: 6 | C30: VS BODY SAW | H30: 3-1-1-1 | I30: 3x8 | M30: =H30 -> 3-1-1-1 | N30: =I30 -> 3x8 | R30: =H30 -> 3-1-1-1 | S30: =I30 -> 3x8
B32: Kraft Block (Okp) | G32: GEWICHT | H32: TEMPO | I32: SxR/RPE 7-8 | J32: GEWICHT | L32: GEWICHT | M32: TEMPO | N32: =I32 -> SxR/RPE 7-8 | O32: GEWICHT | Q32: GEWICHT | R32: TEMPO | S32: =I32 -> SxR/RPE 7-8 | T32: GEWICHT
B33: 7 | C33: STANDING BB BICEP CURL | H33: 3-1-1-1 | I33: 3x8 | M33: =H33 -> 3-1-1-1 | N33: =I33 -> 3x8 | R33: =H33 -> 3-1-1-1 | S33: =I33 -> 3x8
B34: 8 | C34: STANDING BAND/CABLE TRICEP CURL | H34: 3-1-1-1 | I34: 3x8 | M34: =H34 -> 3-1-1-1 | N34: =I34 -> 3x8 | R34: =H34 -> 3-1-1-1 | S34: =I34 -> 3x8
B35: 9 | C35: PEZZIBALL BAND ROTATION CLOSED STANCE | H35: ISO | I35: 3x8 | M35: =H35 -> ISO | N35: =I35 -> 3x8 | R35: =H35 -> ISO | S35: =I35 -> 3x8
B37: 10 | C37: LOADED ARM SUPINATION/PRONATION | H37: 2-1-1-0 | I37: 2x12 | M37: =H37 -> 2-1-1-0 | N37: =I37 -> 2x12 | R37: =H37 -> 2-1-1-0 | S37: =I37 -> 2x12
B38: 11 | C38: FLEXBAR WRING HORIZONTAL | H38: 5-0-3-0 | I38: 2x12 | M38: =H38 -> 5-0-3-0 | N38: =I38 -> 2x12 | R38: =H38 -> 5-0-3-0 | S38: =I38 -> 2x12
B39: 12 | C39: ISO 1-ARM BAND SHOULDER EXTERNAL ROTATION - SIDE MARCH | H39: 3-1-1-1 | I39: 3x5 | M39: =H39 -> 3-1-1-1 | N39: =I39 -> 3x5 | R39: =H39 -> 3-1-1-1 | S39: =I39 -> 3x5
B41: Halteübungen (Okiso) | G41: GEWICHT | H41: TEMPO | I41: SxR/RPE 9 | J41: GEWICHT | L41: =G41 -> GEWICHT | M41: TEMPO | N41: =I41 -> SxR/RPE 9 | O41: GEWICHT | Q41: =L41 -> GEWICHT | R41: TEMPO | S41: =I41 -> SxR/RPE 9 | T41: GEWICHT
B42: 13 | C42: PUSH UP PLANK | H42: ISO | I42: 3x10s ea | M42: =H42 -> ISO | N42: =I42 -> 3x10s ea | R42: =H42 -> ISO | S42: =N42 -> 3x10s ea
B43: 14 | C43: ISO HOLD PRONE BENCH "T" | H43: ISO | I43: 3x10s ea | M43: =H43 -> ISO | N43: =I43 -> 3x10s ea | R43: =H43 -> ISO | S43: =N43 -> 3x10s ea
B44: 15 | C44: 1/2-KN LANDMINE PRESS-ISO HOLD | H44: ISO | I44: 3x10s ea | M44: =H44 -> ISO | N44: =I44 -> 3x10s ea | R44: =H44 -> ISO | S44: =N44 -> 3x10s ea

Sheet Unterkörper9
E2: Körperkonstitution | O2: Logo
C3: Unterkörper
E4: Größe
C5: NAME | E5: Gewicht
C10: Preparatory | E10: General Preparation | I10: Technical Development | N10: Accumulation | Q10: Dynamic | S10: 2x12
B12: Bewegungshygiene 1 (BH1)
B13: LOADED - TGU - 1/2-KN. TO STAND | E13: SIDEWAY CRAB CRAWL | G13: SUITCASE/ RACK CROSS CARRY | J13: 1-ARM 1KB OH SQUAT | N13: 1-ARM 1KB SUITCASE DEADLIFT | R13: 1KB 1-LEG DEADLIFT
B14: Bewegungshygiene 2 (BH2)
B15: LOADED ANKLE ROCKERS WIPERS | E15: SEATED CALF RAISE 90° MAX FORCE 20 SEC | G15: LOADED 1-ARM WAITER ANKLE BOUNDS | J15: LOADED 1-ARM OH 1-LEG A-SKIP | N15: REACTIVE 1-LEG LATERAL HOP - TO BOX (CM) | R15: SQUAT JUMPS
B17: LEVEL 9 | G17: Block 1
G18: Datum 1 | H18: Woche 1 | J18: Datum 2 | L18: Datum 3 | M18: Woche 2 | O18: Datum 4 | Q18: Datum 5 | R18: Woche 3 | T18: Datum 6
B19: Explosiv Block (Ukex) | G19: GEWICHT | H19: TEMPO | I19: SxR | J19: GEWICHT | L19: TEMPO | M19: RPE | N19: SxR | O19: GEWICHT | Q19: TEMPO | R19: RPE | S19: SxR | T19: GEWICHT
B20: 1 | C20: LATERAL BOUND 45° W/ LINEAR HOP W/STICK | H20: EXPL | I20: 3x5 | J20: BW | L20: EXPL | N20: 3x5 | O20: BW | Q20: EXPL | S20: 3x5 | T20: BW
B21: 2 | C21: SLIDE IN OPEN STANCE MED BALL SIDE TOSS VH/BH | H21: EXPL | I21: 3x5 | L21: EXPL | N21: 3x5 | Q21: EXPL | S21: 3x5
B22: 3 | H22: EXPL | I22: 3x5 | L22: EXPL | N22: 3x5 | Q22: EXPL | S22: 3x5
B24: Kraft Block (UKK) | G24: GEWICHT | H24: TEMPO | I24: SxR/RPE 8-9 | J24: GEWICHT | L24: =G24 -> GEWICHT | M24: TEMPO | N24: =I24 -> SxR/RPE 8-9 | O24: GEWICHT | Q24: =L24 -> GEWICHT | R24: TEMPO | S24: =I24 -> SxR/RPE 8-9 | T24: GEWICHT
B25: 1 | C25: BACK SQUAT W/ BARBELL | H25: 3-0-X-0 | I25: 3-4x5 | M25: =H25 -> 3-0-X-0 | N25: =I25 -> 3-4x5 | R25: =M25 -> 3-0-X-0 | S25: =N25 -> 3-4x5
B26: 2 | C26: BB 1-LEG DEADLIFT | H26: 3-0-X-1 | I26: 3-4x5 | M26: =H26 -> 3-0-X-1 | N26: =I26 -> 3-4x5 | R26: =M26 -> 3-0-X-1 | S26: =N26 -> 3-4x5
B27: 3 | C27: PUSH UP PLANK MEDBALL BALL CATCH | H27: ISO | I27: 3x5 | M27: =H27 -> ISO | N27: =I27 -> 3x5 | R27: =H27 -> ISO | S27: =N27 -> 3x5
B29: 4 | C29: TRAP BAR DL | H29: 3-0-X-0 | I29: 3-4x5 | M29: =H29 -> 3-0-X-0 | N29: =I29 -> 3-4x5 | R29: =H29 -> 3-0-X-0 | S29: =N29 -> 3-4x5
B30: 5 | C30: GOBLET BULGARIEN SPLIT SQUAT | H30: 3-0-X-1 | I30: 3-4x5 | M30: =H30 -> 3-0-X-1 | N30: =I30 -> 3-4x5 | R30: =H29 -> 3-0-X-0 | S30: =N30 -> 3-4x5
B31: 6 | C31: BENCH OBLIQUE ISO HOLD - CHEST PRESS | H31: ISO | I31: 3x10s ea | M31: =H31 -> ISO | N31: =I31 -> 3x10s ea | R31: =H31 -> ISO | S31: =N31 -> 3x10s ea
B33: Kraft Block (Ukp) | G33: GEWICHT | H33: TEMPO | I33: SxR/RPE 8-9 | J33: GEWICHT | L33: GEWICHT | M33: TEMPO | N33: =I33 -> SxR/RPE 8-9 | O33: GEWICHT | Q33: GEWICHT | R33: TEMPO | S33: =I33 -> SxR/RPE 8-9 | T33: GEWICHT
B34: 7 | C34: 1-LEG SQUAT | H34: 3-1-1-1 | I34: 3x5 | M34: =H34 -> 3-1-1-1 | N34: =I34 -> 3x5 | R34: =H34 -> 3-1-1-1 | S34: =I34 -> 3x5
B35: 8 | C35: BASE POSITION ANTI-ROTATION PRESS OVER HEAD | H35: 2-2-2-2 | I35: 3x5 ea | M35: =H35 -> 2-2-2-2 | N35: =I35 -> 3x5 ea | R35: =H35 -> 2-2-2-2 | S35: =N35 -> 3x5 ea
B36: 9 | C36: SIDE LYING LEG ABD W/MINIBAND HIP EXTERNAL ROT | H36: ISO | I36: 3x8 | M36: =H36 -> ISO | N36: =I36 -> 3x8 | R36: =H36 -> ISO | S36: =N36 -> 3x8
B38: 10 | C38: LOADED RACK SIDE MARCH W/ MINIBAND | H38: 3-1-1-1 | I38: 2x12 | M38: =H38 -> 3-1-1-1 | N38: =I38 -> 2x12 | R38: =H38 -> 3-1-1-1 | S38: =N38 -> 2x12
B39: 11 | C39: FOOT COPENHAGENPLANK PEZZIBALL | H39: ISO | I39: 3x10s ea | M39: =H39 -> ISO | N39: =I39 -> 3x10s ea | R39: =H39 -> ISO | S39: =N39 -> 3x10s ea
B40: 12 | C40: 1-LEG TIBIALIS RAISES 45° | H40: 3-1-1-1 | I40: 2x12 | M40: =H40 -> 3-1-1-1 | N40: =I40 -> 2x12 | R40: =H40 -> 3-1-1-1 | S40: =N40 -> 2x12
B42: Halteübungen (Ukiso) | G42: GEWICHT | H42: TEMPO | I42: SxR/RPE 9 | J42: GEWICHT | L42: =G42 -> GEWICHT | M42: TEMPO | N42: =I42 -> SxR/RPE 9 | O42: GEWICHT | Q42: =L42 -> GEWICHT | R42: TEMPO | S42: =I42 -> SxR/RPE 9 | T42: GEWICHT
B43: 13 | C43: ISO HOLD 1-LEG CALF RAISE | H43: ISO | I43: 6x5s ea | M43: =H43 -> ISO | N43: =I43 -> 6x5s ea | R43: =H43 -> ISO | S43: =N43 -> 6x5s ea
B44: 14 | C44: ISO HOLD SPLIT SQUAT | H44: ISO | I44: 6x5s ea | M44: =H43 -> ISO | N44: =I44 -> 6x5s ea | R44: =H43 -> ISO | S44: =N44 -> 6x5s ea
B45: 15 | C45: LOADED 1-LEG HAMSTRING BRIDGE | H45: ISO | I45: 6x5s ea | M45: =H43 -> ISO | N45: =I45 -> 6x5s ea | R45: =H43 -> ISO | S45: =N45 -> 6x5s ea

Sheet Oberkörper9
E2: Körperkonstitution | O2: Logo
C3: Oberkörper
E4: Größe
C5: NAME | E5: Gewicht
C10: Preparatory | E10: General Preparation | I10: Technical Development | M10: Accumulation | Q10: Dynamic | S10: 2x12
B12: Bewegungshygiene 1 (BH1)
B13: =Unterkörper9!B13 -> LOADED - TGU - 1/2-KN. TO STAND | E13: =Unterkörper9!E13 -> SIDEWAY CRAB CRAWL | G13: =Unterkörper9!G13 -> SUITCASE/ RACK CROSS CARRY | J13: =Unterkörper9!J13 -> 1-ARM 1KB OH SQUAT | N13: =Unterkörper9!N13 -> 1-ARM 1KB SUITCASE DEADLIFT | R13: =Unterkörper9!R13 -> 1KB 1-LEG DEADLIFT
B14: Bewegungshygiene 2 (BH2)
B15: =Unterkörper9!B15 -> LOADED ANKLE ROCKERS WIPERS | E15: =Unterkörper9!E15 -> SEATED CALF RAISE 90° MAX FORCE 20 SEC | G15: =Unterkörper9!G15 -> LOADED 1-ARM WAITER ANKLE BOUNDS | J15: =Unterkörper9!J15 -> LOADED 1-ARM OH 1-LEG A-SKIP | N15: =Unterkörper9!N15 -> REACTIVE 1-LEG LATERAL HOP - TO BOX (CM) | R15: =Unterkörper9!R15 -> SQUAT JUMPS
B16: =Unterkörper9!B17 -> LEVEL 9 | G16: Block 2 | W16: OKK
G17: Datum 1 | H17: Woche 1 | J17: Datum 2 | L17: Datum 3 | M17: Woche 2 | O17: Datum 4 | Q17: Datum 5 | R17: Woche 3 | T17: Datum 6 | W17: Okp
B18: Explosiv Block (Okex) | G18: GEWICHT | H18: TEMPO | I18: SxR | J18: GEWICHT | L18: GEWICHT | M18: TEMPO | N18: SxR | O18: GEWICHT | Q18: GEWICHT | R18: TEMPO | S18: SxR | T18: GEWICHT | W18: Okex
B19: 1 | C19: REACTIVE BOX SQUAT JUMP - TO BOX | H19: EXPL | I19: 3x5 | J19: BW | M19: =H19 -> EXPL | N19: 3x5 | O19: BW | R19: =H19 -> EXPL | S19: 3x5 | T19: BW | W19: Okiso
B20: 2 | C20: ROT OH MED BALL SLAM | H20: EXPL | I20: 3x5 | M20: =H20 -> EXPL | N20: 3x5 | R20: =H20 -> EXPL | S20: 3x5 | W20: BH1
B21: 3 | C21: ROT OH MED BALL SLAM W/ 1-ARM CHEST PASS 90° | H21: EXPL | I21: 3x5 | M21: =H21 -> EXPL | N21: 3x5 | R21: =H21 -> EXPL | S21: 3x5 | W21: WU Spr
W22: Prävention
B23: Kraft Block (OKK) | G23: GEWICHT | H23: TEMPO | I23: SxR/RPE 8-9 | J23: GEWICHT | L23: =G23 -> GEWICHT | M23: TEMPO | N23: =I23 -> SxR/RPE 8-9 | O23: GEWICHT | Q23: =L23 -> GEWICHT | R23: TEMPO | S23: =I23 -> SxR/RPE 8-9 | T23: GEWICHT | W23: UKK
B24: 1 | C24: LOADED PUSH UP | H24: 3-0-X-0 | I24: 3-4x5 | M24: =H24 -> 3-0-X-0 | N24: =I24 -> 3-4x5 | R24: =H24 -> 3-0-X-0 | S24: =I24 -> 3-4x5 | W24: Ukp
B25: 2 | C25: PULL UP | H25: 3-0-X-0 | I25: 3-4x5 | M25: =H25 -> 3-0-X-0 | N25: =I25 -> 3-4x5 | R25: =H25 -> 3-0-X-0 | S25: =I25 -> 3-4x5 | W25: Ukex
B26: 3 | C26: CRAWL WITH PULL THROUGH | H26: 1-1-1-1 | I26: 2x15m | M26: =H26 -> 1-1-1-1 | N26: =I26 -> 2x15m | R26: =H26 -> 1-1-1-1 | S26: =I26 -> 2x15m | W26: Ukiso
W27: BH2
B28: 4 | C28: 1-KB 3 POINT HINGE ROW | H28: 3-0-X-0 | I28: 3-4x5 | M28: =H28 -> 3-0-X-0 | N28: =I28 -> 3-4x5 | R28: =H28 -> 3-0-X-0 | S28: =I28 -> 3-4x5 | W28: KV1
B29: 5 | C29: 1/2 KN LANDMINE OVERHEAD PRESS | H29: 3-0-X-0 | I29: 3-4x5 | M29: =H29 -> 3-0-X-0 | N29: =I29 -> 3-4x5 | R29: =H29 -> 3-0-X-0 | S29: =I29 -> 3-4x5 | W29: KV2
B30: 6 | C30: VS BODY SAW - 1-LEG | H30: 3-1-1-1 | I30: 3x5 | M30: =H30 -> 3-1-1-1 | N30: =I30 -> 3x5 | R30: =H30 -> 3-1-1-1 | S30: =I30 -> 3x5
B32: Kraft Block (Okp) | G32: GEWICHT | H32: TEMPO | I32: SxR/RPE 7-8 | J32: GEWICHT | L32: GEWICHT | M32: TEMPO | N32: =I32 -> SxR/RPE 7-8 | O32: GEWICHT | Q32: GEWICHT | R32: TEMPO | S32: =I32 -> SxR/RPE 7-8 | T32: GEWICHT
B33: 7 | C33: STANDING BB BICEP CURL | H33: 3-1-1-1 | I33: 2x8 | M33: =H33 -> 3-1-1-1 | N33: =I33 -> 2x8 | R33: =H33 -> 3-1-1-1 | S33: =I33 -> 2x8
B34: 8 | C34: STANDING BAND/CABLE TRICEP CURL | H34: 3-1-1-1 | I34: 2x8 | M34: =H34 -> 3-1-1-1 | N34: =I34 -> 2x8 | R34: =H34 -> 3-1-1-1 | S34: =I34 -> 2x8
B35: 9 | C35: PEZZIBALL BAND ROTATION OPEN STANCE | H35: 2-1-1-0 | I35: 2x8 | M35: =H35 -> 2-1-1-0 | N35: =I35 -> 2x8 | R35: =H35 -> 2-1-1-0 | S35: =I35 -> 2x8
B37: 10 | C37: LOADED ARM SUPINATION/PRONATION | H37: 3-1-1-1 | I37: 2x8 | M37: =H37 -> 3-1-1-1 | N37: =I37 -> 2x8 | R37: =H37 -> 3-1-1-1 | S37: =I37 -> 2x8
B38: 11 | C38: FLEXBAR BREAKING DOWN | H38: 5-0-3-0 | I38: 2x8 | M38: =H38 -> 5-0-3-0 | N38: =I38 -> 2x8 | R38: =H38 -> 5-0-3-0 | S38: =I38 -> 2x8
B39: 12 | C39: SHOULDERBLADE PUSH UPS | H39: 3-1-1-1 | I39: 2x8 | M39: =H39 -> 3-1-1-1 | N39: =I39 -> 2x8 | R39: =H39 -> 3-1-1-1 | S39: =I39 -> 2x8
B41: Halteübungen (Okiso) | G41: GEWICHT | H41: TEMPO | I41: SxR/RPE 9 | J41: GEWICHT | L41: =G41 -> GEWICHT | M41: TEMPO | N41: =I41 -> SxR/RPE 9 | O41: GEWICHT | Q41: =L41 -> GEWICHT | R41: TEMPO | S41: =I41 -> SxR/RPE 9 | T41: GEWICHT
B42: 13 | C42: PUSH UP PLANK | H42: ISO | I42: 6x5s ea | M42: =H42 -> ISO | N42: =I42 -> 6x5s ea | R42: =H42 -> ISO | S42: =N42 -> 6x5s ea
B43: 14 | C43: ISO HOLD PRONE BENCH "T" | H43: ISO | I43: 6x5s ea | M43: =H43 -> ISO | N43: =I43 -> 6x5s ea | R43: =H43 -> ISO | S43: =N43 -> 6x5s ea
B44: 15 | C44: 1/2-KN LANDMINE PRESS-ISO HOLD | H44: ISO | I44: 6x5s ea | M44: =H44 -> ISO | N44: =I44 -> 6x5s ea | R44: =H44 -> ISO | S44: =N44 -> 6x5s ea

Sheet Unterkörper10
E2: Körperkonstitution | O2: Logo
C3: Unterkörper
E4: Größe
C5: NAME | E5: Gewicht
C10: Preparatory | E10: General Preparation | I10: Technical Development | N10: Accumulation | Q10: Dynamic | S10: 2x12
B12: Bewegungshygiene 1 (BH1)
B13: LOADED - TGU - 1/2-KN. TO STAND | E13: SIDEWAY CRAB CRAWL | G13: SUITCASE/ RACK CROSS CARRY | J13: 1-ARM 1KB OH SQUAT | N13: 1-ARM 1KB SUITCASE DEADLIFT | R13: 1KB 1-LEG DEADLIFT
B14: Bewegungshygiene 2 (BH2)
B15: LOADED ANKLE ROCKERS WIPERS | E15: SEATED CALF RAISE 90° MAX FORCE 20 SEC | G15: LOADED 1-ARM WAITER ANKLE BOUNDS | J15: LOADED 1-ARM OH 1-LEG A-SKIP | N15: REACTIVE 1-LEG LATERAL HOP - TO BOX (CM) | R15: SQUAT JUMPS
B17: LEVEL 10 | G17: Block 1
G18: Datum 1 | H18: Woche 1 | J18: Datum 2 | L18: Datum 3 | M18: Woche 2 | O18: Datum 4 | Q18: Datum 5 | R18: Woche 3 | T18: Datum 6
B19: Explosiv Block (Ukex) | G19: GEWICHT | H19: TEMPO | I19: SxR | J19: GEWICHT | L19: TEMPO | N19: SxR | O19: GEWICHT | Q19: TEMPO | S19: SxR | T19: GEWICHT
B20: 1 | C20: LATERAL BOUND 45° W/ LINEAR HOP W/STICK | H20: EXPL | I20: 3x5 | M20: =H20 -> EXPL | N20: 3x5 | R20: =H20 -> EXPL | S20: 3x5
B21: 2 | C21: SLIDE IN OPEN STANCE MED BALL SIDE TOSS VH/BH | H21: EXPL | I21: 3x5 | M21: =H21 -> EXPL | N21: 3x5 | R21: =H21 -> EXPL | S21: 3x5
B22: 3 | H22: EXPL | I22: 3x5 | M22: =H22 -> EXPL | N22: 3x5 | R22: =H22 -> EXPL | S22: 3x5
B24: Kraft Block (UKK) | G24: GEWICHT | H24: TEMPO | I24: SxR/RPE 8-9 | J24: GEWICHT | L24: =G24 -> GEWICHT | M24: TEMPO | N24: =I24 -> SxR/RPE 8-9 | O24: GEWICHT | Q24: =L24 -> GEWICHT | R24: TEMPO | S24: =I24 -> SxR/RPE 8-9 | T24: GEWICHT
B25: 1 | C25: BACK SQUAT WITH BARBEL | H25: 3-1-1-0 | I25: 3x8 | M25: =H25 -> 3-1-1-0 | N25: =I25 -> 3x8 | R25: =M25 -> 3-1-1-0 | S25: =N25 -> 3x8
B26: 2 | C26: BB 1-LEG DEADLIFT | H26: 3-1-1-1 | I26: 3x8 | M26: =H26 -> 3-1-1-1 | N26: =I26 -> 3x8 | R26: =M26 -> 3-1-1-1 | S26: =N26 -> 3x8
B27: 3 | C27: BB ROLL-OUT | H27: ISO | I27: 3x5 | M27: =H27 -> ISO | N27: =I27 -> 3x5 | R27: =H27 -> ISO | S27: =N27 -> 3x5
B29: 4 | C29: TRAP BAR DL | H29: 3-1-1-0 | I29: 3x8 | M29: =H29 -> 3-1-1-0 | N29: =I29 -> 3x8 | R29: =H29 -> 3-1-1-0 | S29: =N29 -> 3x8
B30: 5 | C30: GOBLET BULGARIAN SPLIT SQUAT | H30: 3-1-1-1 | I30: 3x8 | M30: =H30 -> 3-1-1-1 | N30: =I30 -> 3x8 | R30: =H29 -> 3-1-1-0 | S30: =N30 -> 3x8
B31: 6 | C31: BENCH OBLIQUE ISO HOLD - CHEST PRESS | H31: 2-1-1-0 | I31: 3x10s ea | M31: =H31 -> 2-1-1-0 | N31: =I31 -> 3x10s ea | R31: =H31 -> 2-1-1-0 | S31: =N31 -> 3x10s ea
B33: Kraft Block (Ukp) | G33: GEWICHT | H33: TEMPO | I33: SxR/RPE 8-9 | J33: GEWICHT | L33: GEWICHT | M33: TEMPO | N33: =I33 -> SxR/RPE 8-9 | O33: GEWICHT | Q33: GEWICHT | R33: TEMPO | S33: =I33 -> SxR/RPE 8-9 | T33: GEWICHT
B34: 7 | C34: 1-LEG SQUAT | H34: 3-1-1-1 | I34: 3x5 | M34: =H34 -> 3-1-1-1 | N34: =I34 -> 3x5 | R34: =H34 -> 3-1-1-1 | S34: =I34 -> 3x5
B35: 8 | C35: BASE POSITION ANTI-ROTATION PRESS OVER HEAD | H35: 2-1-1-0 | I35: 3x5 ea | M35: =H35 -> 2-1-1-0 | N35: =I35 -> 3x5 ea | R35: =H35 -> 2-1-1-0 | S35: =N35 -> 3x5 ea
B36: 9 | C36: SIDE LYING LEG ABD W/MINIBAND HIP EXTERNAL ROT | H36: 2-1-1-0 | I36: 3x8 | M36: =H36 -> 2-1-1-0 | N36: =I36 -> 3x8 | R36: =H36 -> 2-1-1-0 | S36: =N36 -> 3x8
B38: 10 | C38: LOADED RACK SIDE MARCH W/ MINIBAND | H38: 2-1-1-0 | I38: 2x12 | M38: =H38 -> 2-1-1-0 | N38: =I38 -> 2x12 | R38: =H38 -> 2-1-1-0 | S38: =N38 -> 2x12
B39: 11 | C39: FOOT COPENHAGENPLANK PEZZIBALL | H39: ISO | I39: 3x10s ea | M39: =H39 -> ISO | N39: =I39 -> 3x10s ea | R39: =H39 -> ISO | S39: =N39 -> 3x10s ea
B40: 12 | C40: 1-LEG TIBIALIS RAISES 45° | H40: 3-1-1-1 | I40: 2x12 | M40: =H40 -> 3-1-1-1 | N40: =I40 -> 2x12 | R40: =H40 -> 3-1-1-1 | S40: =N40 -> 2x12
B42: Halteübungen (Ukiso) | G42: GEWICHT | H42: TEMPO | I42: SxR/RPE 9 | J42: GEWICHT | L42: =G42 -> GEWICHT | M42: TEMPO | N42: =I42 -> SxR/RPE 9 | O42: GEWICHT | Q42: =L42 -> GEWICHT | R42: TEMPO | S42: =I42 -> SxR/RPE 9 | T42: GEWICHT | W42: Ukiso
B43: 13 | C43: ISO HOLD 1-LEG CALF RAISE | H43: ISO | I43: 6x5s ea | M43: =H43 -> ISO | N43: =I43 -> 6x5s ea | R43: =H43 -> ISO | S43: =N43 -> 6x5s ea
B44: 14 | C44: ISO HOLD SPLIT SQUAT | H44: ISO | I44: 6x5s ea | M44: =H43 -> ISO | N44: =I44 -> 6x5s ea | R44: =H43 -> ISO | S44: =N44 -> 6x5s ea
B45: 15 | C45: LOADED 1-LEG HAMSTRING BRIDGE | H45: ISO | I45: 6x5s ea | M45: =H43 -> ISO | N45: =I45 -> 6x5s ea | R45: =H43 -> ISO | S45: =N45 -> 6x5s ea

Sheet Oberkörper10
E2: Körperkonstitution | O2: Logo
C3: Oberkörper
E4: Größe
C5: NAME | E5: Gewicht
C10: Preparatory | E10: General Preparation | I10: Technical Development | M10: Accumulation | Q10: Dynamic | S10: 2x12
B12: Bewegungshygiene 1 (BH1)
B13: =Unterkörper9!B13 -> LOADED - TGU - 1/2-KN. TO STAND | E13: =Unterkörper9!E13 -> SIDEWAY CRAB CRAWL | G13: =Unterkörper9!G13 -> SUITCASE/ RACK CROSS CARRY | J13: =Unterkörper9!J13 -> 1-ARM 1KB OH SQUAT | N13: =Unterkörper9!N13 -> 1-ARM 1KB SUITCASE DEADLIFT | R13: =Unterkörper9!R13 -> 1KB 1-LEG DEADLIFT
B14: Bewegungshygiene 2 (BH2)
B15: =Unterkörper9!B15 -> LOADED ANKLE ROCKERS WIPERS | E15: =Unterkörper9!E15 -> SEATED CALF RAISE 90° MAX FORCE 20 SEC | G15: =Unterkörper9!G15 -> LOADED 1-ARM WAITER ANKLE BOUNDS | J15: =Unterkörper9!J15 -> LOADED 1-ARM OH 1-LEG A-SKIP | N15: =Unterkörper9!N15 -> REACTIVE 1-LEG LATERAL HOP - TO BOX (CM) | R15: =Unterkörper9!R15 -> SQUAT JUMPS
B16: =Unterkörper10!B17 -> LEVEL 10 | G16: Block 2 | W16: OKK
G17: Datum 1 | H17: Woche 1 | J17: Datum 2 | L17: Datum 3 | M17: Woche 2 | O17: Datum 4 | Q17: Datum 5 | R17: Woche 3 | T17: Datum 6 | W17: Okp
B18: Explosiv Block (Okex) | G18: GEWICHT | H18: TEMPO | I18: SxR | J18: GEWICHT | L18: GEWICHT | M18: TEMPO | N18: SxR | O18: GEWICHT | Q18: GEWICHT | R18: TEMPO | S18: SxR | T18: GEWICHT | W18: Okex
B19: 1 | C19: REACTIVE BOX SQUAT JUMP - TO BOX | H19: EXPL | I19: 3x5 | M19: =H19 -> EXPL | N19: =I19 -> 3x5 | R19: =H19 -> EXPL | S19: =I19 -> 3x5 | W19: Okiso
B20: 2 | C20: ROT OH MED BALL SLAM | H20: EXPL | I20: 3x5 | M20: =H20 -> EXPL | N20: =I20 -> 3x5 | R20: =H20 -> EXPL | S20: =I20 -> 3x5 | W20: BH1
B21: 3 | C21: ROT OH MED BALL SLAM W/ 1-ARM CHEST PASS 90° | H21: EXPL | I21: 3x5 | M21: =H21 -> EXPL | N21: =I21 -> 3x5 | R21: =H21 -> EXPL | S21: =I21 -> 3x5 | W21: WU Spr
W22: Prävention
B23: Kraft Block (OKK) | G23: GEWICHT | H23: TEMPO | I23: SxR/RPE 7-8 | J23: GEWICHT | L23: =G23 -> GEWICHT | M23: TEMPO | N23: =I23 -> SxR/RPE 7-8 | O23: GEWICHT | Q23: =L23 -> GEWICHT | R23: TEMPO | S23: =I23 -> SxR/RPE 7-8 | T23: GEWICHT | W23: UKK
B24: 1 | C24: LOADED PUSH UP | H24: 2-1-1-0 | I24: 3-4x5 | M24: =H24 -> 2-1-1-0 | N24: =I24 -> 3-4x5 | R24: =H24 -> 2-1-1-0 | S24: =I24 -> 3-4x5 | W24: Ukp
B25: 2 | C25: PULL UP | H25: 2-1-1-0 | I25: 3-4x5 | M25: =H25 -> 2-1-1-0 | N25: =I25 -> 3-4x5 | R25: =H25 -> 2-1-1-0 | S25: =I25 -> 3-4x5 | W25: Ukex
B26: 3 | C26: CRAWL WITH PULL THROUGH | H26: 1-1-1-1 | I26: 2x15m | M26: =H26 -> 1-1-1-1 | N26: =I26 -> 2x15m | R26: =H26 -> 1-1-1-1 | S26: =I26 -> 2x15m | W26: Ukiso
W27: BH2
B28: 4 | C28: 1-KB 3 POINT HINGE ROW | H28: 2-1-1-0 | I28: 3-4x5 | M28: =H28 -> 2-1-1-0 | N28: =I28 -> 3-4x5 | R28: =H28 -> 2-1-1-0 | S28: =I28 -> 3-4x5 | W28: KV1
B29: 5 | C29: 1/2 KN LANDMINE OVERHEAD PRESS | H29: 2-1-1-0 | I29: 3-4x5 | M29: =H29 -> 2-1-1-0 | N29: =I29 -> 3-4x5 | R29: =H29 -> 2-1-1-0 | S29: =I29 -> 3-4x5 | W29: KV2
B30: 6 | C30: VS BODY SAW - 1-LEG | H30: 3-1-1-0 | I30: 3x5 | M30: =H30 -> 3-1-1-0 | N30: =I30 -> 3x5 | R30: =H30 -> 3-1-1-0 | S30: =I30 -> 3x5
B32: Kraft Block (Okp) | G32: GEWICHT | H32: TEMPO | I32: SxR/RPE 7-8 | J32: GEWICHT | L32: GEWICHT | M32: TEMPO | N32: =I32 -> SxR/RPE 7-8 | O32: GEWICHT | Q32: GEWICHT | R32: TEMPO | S32: =I32 -> SxR/RPE 7-8 | T32: GEWICHT
B33: 7 | C33: STANDING BB BICEP CURL | H33: 3-1-1-1 | I33: 3x8 | M33: =H33 -> 3-1-1-1 | N33: =I33 -> 3x8 | R33: =H33 -> 3-1-1-1 | S33: =I33 -> 3x8
B34: 8 | C34: STANDING BAND/CABLE TRICEP CURL | H34: 3-1-1-1 | I34: 3x8 | M34: =H34 -> 3-1-1-1 | N34: =I34 -> 3x8 | R34: =H34 -> 3-1-1-1 | S34: =I34 -> 3x8
B35: 9 | C35: PEZZIBALL BAND ROTATION OPEN STANCE | H35: 3-1-1-0 | I35: 3x8 | M35: =H35 -> 3-1-1-0 | N35: =I35 -> 3x8 | R35: =H35 -> 3-1-1-0 | S35: =I35 -> 3x8
B37: 10 | C37: LOADED ARM SUPINATION/PRONATION | H37: 2-1-1-0 | I37: 3x8 | M37: =H37 -> 2-1-1-0 | N37: =I37 -> 3x8 | R37: =H37 -> 2-1-1-0 | S37: =I37 -> 3x8
B38: 11 | C38: FLEXBAR BREAKING DOWN | H38: 5-0-3-0 | I38: 3x8 | M38: =H38 -> 5-0-3-0 | N38: =I38 -> 3x8 | R38: =H38 -> 5-0-3-0 | S38: =I38 -> 3x8
B39: 12 | C39: SHOULDERBLADE PUSH UPS | H39: 3-1-1-1 | I39: 3x8 | M39: =H39 -> 3-1-1-1 | N39: =I39 -> 3x8 | R39: =H39 -> 3-1-1-1 | S39: =I39 -> 3x8
B41: Halteübungen (Okiso) | G41: GEWICHT | H41: TEMPO | I41: SxR/RPE 9 | J41: GEWICHT | L41: =G41 -> GEWICHT | M41: TEMPO | N41: =I41 -> SxR/RPE 9 | O41: GEWICHT | Q41: =L41 -> GEWICHT | R41: TEMPO | S41: =I41 -> SxR/RPE 9 | T41: GEWICHT
B42: 13 | C42: PUSH UP PLANK | H42: ISO | I42: 6x5s ea | M42: =H42 -> ISO | N42: =I42 -> 6x5s ea | R42: =H42 -> ISO | S42: =N42 -> 6x5s ea
B43: 14 | C43: ISO HOLD PRONE BENCH "T" | H43: ISO | I43: 6x5s ea | M43: =H43 -> ISO | N43: =I43 -> 6x5s ea | R43: =H43 -> ISO | S43: =N43 -> 6x5s ea
B44: 15 | C44: 1/2-KN LANDMINE PRESS-ISO HOLD | H44: ISO | I44: 6x5s ea | M44: =H44 -> ISO | N44: =I44 -> 6x5s ea | R44: =H44 -> ISO | S44: =N44 -> 6x5s ea

Sheet BH1-2 Progressionen
B1: TGU | C1: CRAWLING | D1: CARRY | E1: SQUAT | F1: DEADLIFT | G1: 1-LEG DEADLIFT | H1: ANKLE ROCKERS | I1: TOE STANCE | J1: ANKLE WORK | K1: RUNNING SCHOOL | L1: DROP AND CATCHES | M1: JUMPS
A2: LEVEL A | B2: TGU ROLL TO 1-ARM PRESS | C2: FOOT HAND CRAWL | D2: 1KB SUITCASE CARRY | E2: PEZZIBALL SUPPORTED SQUAT - WALL | F2: HIP HINGE WITH STICK | G2: SUP 1-LEG ISO HINGE | H2: ANKLE ROCKERS WIPERS | I2: 2-LEG TOE STANCE WIDE STAND | J2: ANKLE MARCH | K2: 1-LEG A-SKIP | L2: 2-LEG DROP & CATCH | M2: SQUAT JUMP W/PASSIVE ELASTIC
A3: LEVEL B | B3: 1-ARM PRESS TO ELBOW | C3: BKWD CRAWL | D3: 1KB 1-ARM RACK CARRY | E3: BW SQUAT TO TOUCH SIT ON BOX | F3: HINGE TO KB TOUCH | G3: SUP 1-LEG ISO HINGE WITH HIP ROTATION | H3: ANKEL ROCKERS ROTATIONS | I3: 2-LEG TOE STANCE CLOSE STAND | J3: ANKLE SKIPS | K3: A-SKIP | L3: 1-LEG DROP & CATCH | M3: CMJ W/PASSIVE ELASTIC
A4: LEVEL C | B4: TGU - ELBOW TO POST | C4: SIDE CRAWL | D4: 1KB BOTTOM-UP WAITER CARRY | E4: HEARTBEAT SQUAT | F4: HINGE TO CRUSH HANDEADLIFTE | G4: 1-ARM SUPPORTED 1-LEG ISO HINGE | H4: ANKLE ROCKER 1/2-KN | I4: SPLIT TOE STANCE | J4: ANKLE BOUNDS | K4: 1-LEG B-SKIP | L4: 1-LEG DROP & LINEAR HOP & CATCH | M4: SQUAT JUMP - DC
A5: LEVEL D | B5: TGU - ELBOW TO HIGH PELVIS | C5: FOOT ELBOW CRAWL | D5: 2-ARM RACK CARRY | E5: KB GOBLET SQUAT | F5: HINGE TO SNIFF AIR | G5: STICK SUP 1-LEG HINGE | H5: ANKLE ROCKER SHUFFLE | I5: SPLIT SQUAT TOE STANCE | J5: LATERAL ANKLE MARCH | K5: B-SKIP | L5: 1-LEG DROP & LATERAL HOP & CATCH | M5: REACTIVE SQUAT JUMP
A6: LEVEL E | B6: TGU - POST TO HIGH PELVIS | C6: PUSH UP CRAWL | D6: 2KB BOTTOM-UP WAITER CARRY | E6: BW RACK SQUAT | F6: STICK DEADLIFT | G6: 1-LEG HINGE WITH ARMS STRETCHED | H6: ANKLE ROCKER SPLIT SQUAT | I6: SQUAT TOE STANCE | J6: LATERAL ANKLE SKIP | K6: 1-LEG C-SKIP | L6: 1-LEG DROP & MEDIAL HOP & CATCH | M6: REAKTIV CMJ
A7: LEVEL F | B7: TGU - HIGH PELVIS TO BEND | C7: LATERAL PUSH UP CRAWL | D7: 1KB OVERHEAD CARRY | E7: BW 1-ARM OVERHEAD SQUAT | F7: 1 KB DEADLIFT | G7: 1-LEG HINGE WITH MED/PEZZIBALL | H7: ANKLE ROCKER MOONWALK | I7: 1-LEG TOE STANCE | J7: LATERAL BOUND | K7: LINEAR SKIP | L7: 1-LEG LATERAL HOP - TO BOX (NCM) | M7: SQUAT JUMPS
A8: LEVEL 1 | B8: TGU - BEND TO 1/2-KN. | C8: LOADED FOOT HAND CRAWL | D8: 1KB SUITCASE CARRY | E8: KB/BW GOBLET SQUAT | F8: 1-ARM 1KB SUMO DEADLIFT | G8: LANDMINE 1-LEG DEADLIFT TO BOX | H8: ANKLE ROCKER 1-LEG SQUAT | I8: ANKLE POS. 1 15 SEC | J8: LOADED ANKLE MARCH | K8: LATERAL SKIP | L8: 1-LEG MEDIAL HOP - TO BOX (NCM) | M8: LOADED SQUAT JUMP TO BOX
A9: LEVEL 2 | B9: TGU - 1/2-KN. TO STAND | C9: LOADED BKWD CRAWL | D9: 1KB 1-ARM RACK CARRY | E9: BW SQUAT TO TOUCH BOX | F9: 2KB SUITCASE DEADLIFT | G9: 1KB 1-LEG DEADLIFT TO BOX | H9: LOADED ANKLE ROCKER PUSH PULL | I9: ANKLE POS. 1 30 SEC | J9: LOADED ANKLE SKIPS | K9: KNEE RUN | L9: 1-LEG LINEAR HOP - TO BOX (NCM) | M9: LOADED CMJ TO BOX
A10: LEVEL 3 | B10: BALANCE - TGU ROLL TO 1-ARM PRESS | C10: LOADED SIDE CRAWL | D10: 1KB BOTTOM-UP WAITER CARRY | E10: HEARTBEAT SQUAT | F10: 1-ARM 1KB SUITCASE DEADLIFT | G10: LANDMINE 1-LEG DEADLIFT | H10: LOADED ANKLE ROCKERS WIPERS | I10: ANKLE POS. 1 45 SEC | J10: LOADED ANKLE BOUNDS | K10: LOADED 1-LEG A-SKIP | L10: REACTIVE 1-LEG LATERAL HOP - TO BOX (NCM) | M10: LOADED SQUAT JUMP - DC
A11: LEVEL 4 | B11: BALANCE - 1-ARM PRESS TO ELBOW | C11: LOADED FOOT ELBOW CRAWL | D11: 2KB BOTTOM-UP WAITER CARRY | E11: KB GOBLET SQUAT | F11: TRAP BAR DEADLIFT | G11: 1KB 1-LEG DEADLIFT | H11: LOADED ANKLE ROCKER SHUFFLE | I11: ANKLE POS. 2 15 SEC | J11: LOADED LATERAL ANKLE MARCH | K11: LOADED A-SKIP | L11: REACTIVE 1-LEG MEDIAL HOP - TO BOX (NCM) | M11: LOADED REACTIVE SQUAT JUMP OF BOX TO BOX
A12: LEVEL 5 | B12: BALANCE - TGU - ELBOW TO POST | C12: LOADED PUSH UP CRAWL | D12: 1KB OVERHEAD CARRY | E12: KB GOBLET SQUAT (CURL) | F12: 1 KB SUITCASE DEADLIFT | G12: 2KB 1-LEG DEADLIFT TO BOX | H12: LOADED ANKLE ROCKER SPLIT SQUAT | I12: ANKLE POS. 2 30 SEC | J12: LOADED LATERAL ANKLE SKIP | K12: LOADED 1-LEG B-SKIP | L12: REACTIVE 1-LEG LINEAR HOP - TO BOX (NCM) | M12: LOADED REACTIVE SQUAT JUMP OF BOX
A13: LEVEL 6 | B13: BALANCE - TGU - ELBOW TO HIGH PELVIS | C13: LOADED LATERAL PUSH UP CRAWL | D13: SANDBAG BEAR HUG CARRY | E13: KB GOBLET SQUAT (PRESS OUT) | F13: 2 DIFFERENT KB SUITCASE DEADLIFT | G13: 2KB 1-LEG DEADLIFT | H13: LOADED ANKLE ROCKER MOONWALK | I13: ANKLE POS. 3 45 SEC | J13: LOADED LATERAL BOUND | K13: LOADED B-SKIP | L13: 1-LEG LATERAL HOP - TO BOX (CM) | M13: LOADED SQUAT JUMPS
A14: LEVEL 7 | B14: BALANCE - TGU - POST TO HIGH PELVIS | C14: SIDE CRAWL W/KNEE TOUCH | D14: 2KB RACK CARRY | E14: KB GOBLET SQUAT (CURL & PRESS) | F14: DIFFERENT LOEDED TRAPBAR DEADLIFT | H14: LOADED ANKLE ROCKER 1-LEG SQUAT | I14: SEATED CALF RAISE 90° MAX FORCE 10 SEC | J14: LOADED 1-ARM WAITER ANKLE MARCH | K14: LOADED C-SKIP | L14: 1-LEG MEDIAL HOP - TO BOX (CM) | M14: RESISTENT SQUAT JUMP
A15: LEVEL 8 | B15: BALANCE - TGU - HIGH PELVIS TO BEND | C15: SIDE CRAWL W/SHOULDER TOUCH | D15: 2KB SUITCASE CARRY | E15: 2KB RACK SQUAT | I15: SEATED CALF RAISE 90° MAX FORCE 15 SEC | J15: LOADED 1-ARM WAITER ANKLE SKIPS | K15: LOADED LATERAL SKIP | L15: 1-LEG LINEAR HOP - TO BOX (CM) | M15: ASSISTENT SQUAT JUMP
A16: LEVEL 9 | B16: BALANCE - TGU - BEND TO 1/2-KN. | C16: BEAR CRAWL STRAIGHT LEGS | D16: SUITCASE/ RACK CROSS CARRY | E16: 1-ARM 1KB RACK SQUAT | I16: SEATED CALF RAISE 90° MAX FORCE 20 SEC | J16: LOADED 1-ARM WAITER ANKLE BOUNDS | K16: LOADED 1-ARM OH 1-LEG A-SKIP | L16: REACTIVE 1-LEG LATERAL HOP - TO BOX (CM)
A17: LEVEL 10 | B17: BALANCE - TGU - 1/2-KN. TO STAND | C17: CIRCLE CRAWL | D17: OVERHEAD/ SUITCASE CROSS CARRY | E17: 1-ARM 1KB OH SQUAT | J17: LOADED 1-ARM WAITER LATERAL ANKLE MARCH | K17: LOADED 1-ARM OH A-SKIP | L17: REACTIVE 1-LEG MEDIAL HOP - TO BOX (CM)
A18: LEVEL 11 | B18: LOADED - TGU - 1/2-KN. TO STAND | C18: CRAB CRAWL | D18: SANDBAG OVER SHOULDER CARRY | E18: 1-ARM 2KB OH SQUAT | J18: LOADED 1-ARM OH LATERAL ANKLE SKIP | K18: LOADED 1-ARM OH 1-LEG B-SKIP | L18: SPLIT SQUAT DROP AND CATCH
A19: LEVEL 12 | C19: SIDEWAY CRAB CRAWL | D19: SANDBAG ELBOW CROOK CARRY | J19: LOADED 1-ARM OH LATERAL BOUND | K19: LOADED 1-ARM OH B-SKIP | L19: SPLIT SQUAT DROP AND CATCH -ROTATION OPEN
A20: LEVEL 13 | C20: GORILLA CRAWL | J20: LOADED 1-ARM OH ANKLE MARCH | K20: LOADED 1-ARM OH C-SKIP | L20: SPLIT SQUAT DROP AND CATCH -ROTATION CLOSED
A21: LEVEL 14 | C21: SIDEWAY GORILLA CRAWL | J21: LOADED 1-ARM OH ANKLE SKIPS | K21: LOADED C-SKIP | L21: LOADED SPLIT SQUAT DROP AND CATCH -ROTATION OPEN
A22: LEVEL 15 | C22: ALLIGATOR CRAWL | J22: LOADED 1-ARM OH ANKLE BOUNDS | K22: LOADED LATERAL SKIP | L22: LOADED SPLIT SQUAT DROP AND CATCH -ROTATION CLOSED
A23: LEVEL 16 | C23: CRAWL WITH SIT THROUGH | J23: LOADED 1-ARM OH LATERAL ANKLE MARCH | K23: CROSSOVER STICK | L23: LOADED SPLIT SQUAT DROP AND CATCH -ROTATION CLOSED
A24: LEVEL 17 | C24: CRAWL WITH PULL THROUGH | J24: LOADED 1-ARM OH LATERAL ANKLE SKIP | K24: OVERSPEED CROSSOVER STICK
A25: LEVEL 18 | C25: DEADLEG CRAWL | J25: LOADED 1-ARM OH LATERAL BOUND
C26: LOADED DEADLEG CRAWL

Sheet  Unterkörper Progressionen 
B1: Ankle Jumps | C1: MedBall Side Toss Parallel | D1: MedBall Side Toss 90° | E1: Squat | F1: 1-Leg Deadlift | G1: Plank | H1: Deadlift | I1: Split Squat | J1: Side Plank | K1: 1-Leg Squat | L1: Balance | M1: Antirotation | N1: Lateral Split Squat | O1: Bridging | P1: Hip External Rotation | Q1: Hip/Leg Abduktion | R1: Hip/Leg Adduction | S1: Tibialis Raise | T1: Calf Raise | U1: ISO Hold Calf Raise | V1: ISO Hold Split Squat | W1: ISO Hold Bridging | Z1: Zeit/Wdh. | AA1: Gewichte | AB1: Tempo | AC1: RPE
A2: LEVEL A | B2: 2-LEG ROPE SKIPPINGS | C2: 1/2-KN BASKETBALL SIDE TOSS AND CATCH - PARALLEL | D2: 1/2-KN BASKETBALL SIDE TOSS AND CATCH - 90° | E2: PEZZIBALL SUPPORTED SQUAT - WALL | F2: SUPPORTED 1-LEG ISO HINGE | G2: DEAD BUG | H2: HIP HINGE W/ STICK | I2: BW SPLIT SQUAT TO TOUCH GROUND | J2: KN SIDE PLANK | K2: STEPDOWN SMALL STEPPER | L2: SPLIT STANCE | M2: 1/2-KN ANTIROTATION HOLD - BAND | N2: TRX SUPPORTED LATERAL SPLIT SQUAT | O2: 2-LEG GLUTE BRIDGE | P2: LYING MINIBAND HIP EXTERNAL ROTATION | Q2: SIDELYING LEG HIP ABDUKTION | R2: SIDELYING LEG HIP ADDUKTION | S2: TIBIALIS WALL RAISES | T2: 2-LEG CALF RAISES | U2: ISO HOLD 2-LEG CALF RAISE | V2: ISO HOLD SPLIT SQUAT | W2: ISO HOLD 2-LEG GLUTE BRIDGE | X2: 1/2 KN BAND/PEZZIBALL ROTATION | Z2: 1x15s | AA2: Basketball | AB2: 3-1-1-0 | AC2: SxR/RPE 5-6
A3: LEVEL B | B3: 1-LEG ROPE SKIPPING | C3: 1/2-KN BASKETBALL SIDE TOSS - PARALLEL | D3: 1/2-KN BASKETBALL SIDE TOSS - 90° | E3: BW SQUAT TO TOUCH BOX | F3: SUPPORTED 1-LEG ISO HINGE W/ HIP ROTATION | G3: PLANK | H3: HINGE TO KB TOUCH (KB SUMO DEADLIFT) | I3: BW STEP BACK SPLIT SQUAT TO GROUND-STICK | J3: SIDE PLANK | K3: STEPDOWN MEDIUM STEPPER | L3: SPLIT STANCE CLOSED EYES | M3: 1/2-KN ANTI-ROTATION PRESS | N3: PEZZIBALL SUPPORTED HEARBEAT LATERAL SPLIT SQUAT | O3: 2-LEG MARCHING GLUTE BRIDGE | P3: SIDELYING MINIBAND HIP EXTERNAL RORATION | Q3: STANDING LEG HIP ABDUKTION | R3: STANDING SIDELYING LEG HIP ADDUKTION | S3: WALL TIBIALIS RAISES 45° | T3: 1-LEG CALF RAISES | U3: ISO HOLD 1-LEG CALF RAISE | V3: ISO HOLD SPLIT SQUAT TOE STAND | W3: ISO HOLD 1-LEG GLUTE BRIDGE | X3: TK BAND/PEZZIBALL ROTATION | Z3: 1x20s | AA3: 0,5kg | AB3: 3-1-1-1 | AC3: SxR/RPE 6-7
A4: LEVEL C | B4: 2-LEG ROPE SKIPPINGS - 3 CONTACTS | C4: SPLIT STANCE BASKETBALL SIDE TOSS AND CATCH - PARALLEL | D4: SPLIT STANCE BASKETBALL SIDE TOSS AND CATCH - 90° | E4: HEARTBEAT SQUAT | F4: 1-ARM SUPPORTED 1-LEG ISO HINGE | G4: PUSH UP - SHOULDER TAP | H4: HINGE TO CRUSH HANDLE (KB SUMO DEADLIFT) | I4: BW STEP FORWARD SPLIT SQUAT TO GROUND - STICK | J4: SIDE PLANK ROTATIONS | K4: STEPDOWN HIGH STEPPER | L4: 1-LEG STANCE | M4: 1/2-KN ANTI-ROTATION PRESS TO OVERHEAD | N4: HEARBEAT LATERAL SPLIT SQUAT TO BOX | O4: 1-LEG GLUTE BRIDGE | P4: STANDING MINIBAND HIP EXTERNAL ROTATION | Q4: SIDE MARCH W/ MINIBAND OVER KNEE | R4: KN COPENHAGEN PLANK BENCH | S4: TIBIALIS RAISES TOUCHING WALL W/ TOES | T4: LOADED 2-LEG CALF RAISES | U4: LOADED ISO HOLD 2-LEG CALF RAISE | W4: ISO HOLD 2-LEG HAMSTRING BRIDGE | X4: CLOSED STANCE BAND/PEZZIBALL ROTATION | Z4: 1x25s | AA4: 1kg | AB4: 2-1-1-0 | AC4: SxR/RPE 7-8
A5: LEVEL D | B5: DOUBLE JUMP 2-LEG ROPE SKIPPING | C5: SPLIT STANCE BASKETBALL SIDE TOSS - PARALLEL | D5: SPLIT STANCE BASKETBALL SIDE TOSS - 90° | E5: KB GOBLET SQUAT | F5: STICK SUPPOERTED 1-LEG HINGE | G5: PLANK - SWITCH IN FRONT | H5: HINGE TO SNIFF AIR (KB SUMO DEADLIFT) | I5: BW BOTTON-UP SPLIT SQUAT | J5: FT ELEVATED SIDE PLANK | K5: STEP UP MEDIUM STEPPER | L5: 1-LEG STANCE CLOSED EYES | M5: TK ANTI-ROTATION HOLD | N5: HEARBEAT LATERAL SPLIT SQUAT | O5: 2-LEG MARCHING FORWARD GLUTE BRIDGE | P5: STANDING PEZZIBALL EXTERNAL ROTATION | Q5: SIDE MARCH W/ MINIBAND OVER ANKLES | R5: FOOT COPENHAGENPLANK BENCH | S5: 1-LEG TIBIALIS RAISES | T5: LOADED 1-LEG CALF RAISES | U5: LOADED ISO HOLD 1-LEG CALF RAISE | W5: ISO HOLD 1-LEG HAMSTRING BRIDGE | X5: OPEN STANCE BAND/PEZZIBALL ROTATION | Z5: 1x30s | AA5: 2kg | AB5: 5-1-1-0 | AC5: SxR/RPE 8-9
A6: LEVEL E | B6: ANKLE JUMPS - DOUBLE CONTACT | C6: 1-LEG BASKETBALL SIDE TOSS AND CATCH - PARALLEL | D6: 1-LEG BASKETBALL SIDE TOSS AND CATCH - 90° | E6: BW RACK SQUAT | F6: 1-LEG HINGE W/ ARMS STRETCHED | G6: PUSH UP PLANK TENNISBALL CATCH | H6: STICK DEADLIFT | I6: KB GOBLET SPLIT SQUAT | J6: SIDE PLANK W/ LEG ABDUCTION | K6: STEP UP HIGH STEPPER | L6: 1-LEG STANCE HEAD ROTATION - EYES FOCUS | M6: TK ANTI-ROTATION PRESS | N6: GOBLET LATERAL SPLIT SQUAT TO BOX | O6: 2-LEG MARCHING FORWARD GLUTE BRIDGE W/ BLACKROLL | P6: 1-LEG MINIBAND PEZZIBALL EXTERNAL ROTATION | Q6: SIDE MARCH W/ MINIBAND OVER FOOT | R6: FOOT COPENHAGEN PLANK BLACKROLL | S6: 1-LEG TIBIALIS RAISES 45° | T6: LOADED 1-LEG CALF RAISES | X6: SPLIT STANCE BAND/PEZZIBALL ROTATION | Z6: 1x45s | AA6: 3kg | AB6: X-3-1-1 | AC6: SxR/RPE 9
A7: LEVEL F | B7: ANKLE JUMPS | C7: 1-LEG BASKETBALL SIDE TOSS - PARALLEL | D7: 1-LEG BASKETBALL SIDE TOSS - 90° | E7: BW 1-ARM OVERHEAD SQUAT | F7: 1-LEG HINGE W/ MED/PEZZIBALL | G7: PLANK - SWITCH ON BACK | H7: 1 KB DEADLIFT | I7: BW BULGARIAN SPLIT SQUAT | J7: FT ELEVATED SIDE PLANK - BLACKROLL | K7: CROSS STEP UP MEDIUM STEPPER | L7: 1-LEG STANCE HEAD UP AND DOWN - EYES FOCUS | M7: TK ANTI-ROTATION PRESS TO OVERHEAD | N7: GOBLET LATERAL SPLIT SQUAT | O7: 2-LEG CURL W/ PEZZIBALL | P7: 1-LEG STANDING MINIBAND HIP EXTERNAL ROTATION | Q7: SIDE MARCH W/ MINIBAND OVER KNEE HEAVY BAND | R7: FOOT COPENHAGEN PLANK TRX | S7: SEATED TIBIALIS RAISES | T7: LOADED 1-LEG CALF RAISES | Z7: 1x60s | AA7: 4kg | AB7: 3-0-X-0
A8: LEVEL 1 | B8: DROP ANKLE JUMP - LOW | C8: 1/2-KN ARM MEDBALL SIDE TOSS AND CATCH - PARALLEL +C8:C23 | D8: SPLIT STANCE BASKETBALL SIDE TOSS AND CATCH - PARALLEL | E8: KB GOBLET SQUAT (CURL) | F8: LANDMINE 1-LEG DEADLIFT TO BOX | G8: PLANK - SANDBAG PULL THROUGH | H8: 1-ARM 1KB SUMO DL | I8: 2 KB SUITCASE SPLIT SQUAT | J8: FT ELEVATED SIDE PLANK - BLACKROLL W/ LEG ABDUKTION | K8: CROSS STEP UP HIGH STEPPER | L8: 1-LEG STANCE HEAD UP AND DOWN - DIAGONAL - EYES FOCUS | M8: 1/2-KN ANTIROTATION HOLD - BAND | N8: 1 KB SUITCASE LATERAL SPLIT SQUAT | O8: LOADED 2-LEG GLUTE BRIDGE | P8: LYING MINIBAND HIP EXTERNAL ROTATION | Q8: SIDELYING LEG HIP ABDUKTION | R8: LOADED FOOT COPENHAGENPLANK BENCH | S8: TIBIALIS WALL RAISES | U8: ISO HOLD 2-LEG CALF RAISE | V8: ISO HOLD SPLIT SQUAT | W8: 2-LEG GLUTE BRIDGE ISO HOLD | Z8: 1x75s | AA8: 5kg | AB8: ISO
A9: LEVEL 2 | B9: DROP ANKLE JUMP - OFF BOX TO BOX | C9: 1/2-KN ARM MEDBALL SIDE TOSS - PARALLEL | D9: SPLIT STANCE BASKETBALL SIDE TOSS AND CATCH - 90° | E9: KB GOBLET SQUAT (PRESS OUT) | F9: 1KB 1-LEG DEADLIFT TO BOX | G9: PUSH UP PLANK SHOULDER TAP AND TENNISBALL CATCH | H9: 2KB SUITCASE DEADLIFT | I9: 2KB SUITCASE SPLIT SQUAT RFESS | J9: BENCH OBLIQUE ISO HOLD - CHEST | K9: SUPPORTED 1-LEG SQUAT | L9: 1-LEG STANCE EYES ROTATION LEFT - RIGHT | M9: 1/2-KN ANTI-ROTATION PRESS | O9: LOADED 1-LEG GLUTE BRIDGE | P9: STANDING MINIBAND HIP EXTERNAL ROTATION | Q9: STANDING LEG HIP ABDUKTION | R9: LOADED FOOT COPENHAGEN PLANK BLACKROLL | S9: WALL TIBIALIS RAISES 45° | U9: ISO HOLD 1-LEG CALF RAISE | V9: ISO HOLD SPLIT SQUAT - HEAD ROTATION - EYES FOCUS | W9: 1-LEG GLUTE BRIDGE ISO HOLD | Z9: 1x90s | AB9: EXPL
A10: LEVEL 3 | B10: DROP ANKLE JUMP - 12 INCHES | C10: 1/2-KN ARM MEDBALL SIDE TOSS - 90° | D10: 1/2-KN ARM MEDBALL SIDE TOSS AND CATCH - PARALLEL +C8:C23 | E10: KB GOBLET SQUAT (CURL & PRESS) | F10: LANDMINE 1-LEG DEADLIFT | G10: PUSH UP PLANK MEDBALL BALL CATCH | H10: 1-ARM 1KB SUITCASE DEADLIFT | I10: 1 KB SUITBASE SPLIT SQUAT | J10: BENCH OBLIQUE ISO HOLD - HEAD | K10: 1-LEG SQUAT | L10: 1-LEG STANCE EYES UP AND DOWN | M10: 1/2-KN ANTI-ROTATION PRESS TO OVERHEAD | O10: 2-LEG HIP THRUST | P10: 1-LEG STANDING MINIBAND HIP EXTERNAL ROTATION | Q10: SIDE MARCH W/ MINIBAND | R10: LOADED FOOT COPENHAGEN PLANK TRX | S10: TIBIALIS RAISES TOUCHING WALL W/ TOES | V10: ISO HOLD SPLIT SQUAT - HEAD UP AND DOWN - EYES FOCUS | W10: LOADED 2-LEG GLUTE BRIDGE ISO HOLD | Z10: 2x90s | AB10: 2-2-2-2
A11: LEVEL 4 | B11: RESISTED ANKLE JUMPS | C11: SPLIT STANCE MEDBALL SIDE TOSS AND CATCH - PARALLEL | D11: 1/2-KN ARM MEDBALL SIDE TOSS - PARALLEL | E11: 1-ARM 1KB RACK SQUAT | F11: 1KB 1-LEG DEADLIFT | G11: PB STIR THE POT | H11: TRAP BAR DEADLIFT | I11: TRX SUPPORTED LATERAL SPLIT SQUAT | J11: BENCH OBLIQUE ISO HOLD - OH | K11: LOADED 1-LEG SQUAT | L11: 1-LEG STANCE EYES UP AND DOWN - DIAGONAL | M11: TK ANTI-ROTATION HOLD | O11: 1-LEG HIP THRUST | P11: SIDE LYING LEG ABD W/MINIBAND HIP EXTERNAL ROT | Q11: SIDE MARCH W/ MINIBANDS | R11: FOOT COPENHAGENPLANK PEZZIBALL | S11: 1-LEG TIBIALIS RAISES | V11: ISO HOLD SPLIT SQUAT - UP AND DOWN DIAGONAL - EYES FOCUS | W11: LOADED 1-LEG GLUTE BRIDGE ISO HOLD | Z11: 1x20 | AB11: 5-0-3-0
A12: LEVEL 5 | B12: ASSISTED ANKLE JUMPS | C12: SPLIT STANCE MEDBALL SIDE TOSS - PARALLEL | D12: 1/2-KN ARM MEDBALL SIDE TOSS AND CATCH - 90° | E12: 2-ARM 2KB RACK SQUAT | F12: BB 1-LEG DEADLIFT | G12: PLANK - SWITCH ON BACK AND PULL THROUGH | I12: PEZZIBALL SUPPORTED HEARBEAT LATERAL SPLIT SQUAT | J12: LOADED BENCH OBLIQUE ISO HOLD - CHEST | L12: 1-LEG STANCE 1KB LEG ROTATION | M12: TK ANTI-ROTATION PRESS | O12: LOADED 2-LEG HIP THRUST | P12: SEATED LEG ABD W/BAND + W/LEG EXTERNAL ROTATION | Q12: LOADED SIDE MARCH W/MINIBAND | S12: 1-LEG TIBIALIS RAISES 45° | W12: 1-LEG HAMSTRING BRIDGE | Z12: 1x15 | AB12: 3-0-X-1
A13: LEVEL 6 | B13: SPLIT ANKLE JUMPS - DC | C13: SPLIT STANCE MEDBALL SIDE TOSS AND CATCH - 90° | D13: 1/2-KN ARM MEDBALL SIDE TOSS - 90° | E13: 1-ARM 1KB OVERHEAD SQUAT | F13: 2KB 1-LEG DEADLIFT TO BOX | G13: FEET ELEVATED PB STIR THE POT | I13: HEARBEAT LATERAL SPLIT SQUAT TO BOX | J13: LOADED BENCH OBLIQUE ISO HOLD - HEAD | L13: 1-LEG STANCE 1KB AROUND HEAD ROTATION | M13: TK ANTI-ROTATION PRESS TO OVERHEAD | O13: LOADED 1-LEG HIP THRUST | P13: SEATED LEG ABD W/BAND + W/ISO LEG EXTERNAL ROT W/ANKLE WIPERS | Q13: LOADED OH SIDE MARCH W/ MINIBAND | S13: SEATED TIBIALIS RAISES | W13: LOADED 1-LEG HAMSTRING BRIDGE | Z13: 1x10 | AB13: 1-1-1-1
A14: LEVEL 7 | B14: LATERAL BOUND W/STICK | C14: SPLIT STANCE MEDBALL SIDE TOSS - 90° | D14: SPLIT STANCE MEDBALL SIDE TOSS AND CATCH - PARALLEL | E14: BACK SQUAT W/ BARBELL | F14: 2KB 1-LEG DEADLIFT | G14: PB ROLL-OUT | I14: HEARBEAT LATERAL SPLIT SQUAT | J14: LOADED BENCH OBLIQUE ISO HOLD - OH | L14: STEPDOWN SMALL STEPPER | M14: BASE POSITION ANTI-ROTATION HOLD | Q14: LOADED RACK SIDE MARCH W/ MINIBAND | Z14: 2x12
A15: LEVEL 8 | B15: LATERAL BOUND 45° W/STICK | C15: 1-LEG MEDBALL SIDE TOSS AND CATCH - PARALLEL | D15: SPLIT STANCE MEDBALL SIDE TOSS - PARALLEL | E15: SAFTYBAR BACK SQUAT | F15: 2 DIFFERENT KB 1-LEG DEADLIFT | G15: KNEES ELEVATED PB ROLL-OUT | I15: GOBLET LATERAL SPLIT SQUAT TO BOX | J15: BENCH OBLIQUE ISO HOLD - CHEST PRESS | L15: STEPDOWN MEDIUM STEPPER | M15: BASE POSITION ANTI-ROTATION PRESS | Q15: HEARTBEAT SIDE MARCH W/ MINIBAND | Z15: 2x10
A16: LEVEL 9 | B16: LATERAL BOUND 45° W/ MINI HOP W/STICK | C16: 1-LEG MEDBALL SIDE TOSS - PARALLEL | D16: SPLIT STANCE MEDBALL SIDE TOSS AND CATCH - 90° | E16: BARBELLL OVERHEAD SQUAT | F16: 2-LEG GLUTE BRIDGE | G16: AB-WHEEL ROLL-OUT | I16: GOBLET LATERAL SPLIT SQUAT | J16: BENCH OBLIQUE ISO HOLD - OH PRESS | L16: STEPDOWN HIGH STEPPER | M16: BASE POSITION ANTI-ROTATION PRESS OVER HEAD | Z16: 3x8
A17: LEVEL 10 | B17: LATERAL BOUND 45° W/ HIGH HOP W/STICK | C17: 1-LEG MEDBALL SIDE TOSS AND CATCH - 90° | D17: SPLIT STANCE MEDBALL SIDE TOSS - 90° | E17: FRONT SQUAT W/BARBELL | F17: 2-LEG MARCHING GLUTE BRIDGE | G17: BB ROLL-OUT | I17: 1 KB SUITCASE LATERAL SPLIT SQUAT | J17: BENCH OBLIQUE ISO HOLD - OH LIFT | L17: STEP UP MEDIUM STEPPER | M17: STAGGERED ANTI-ROTATION PRESS | Z17: 3x5
A18: LEVEL 11 | B18: LATERAL BOUND 45° W/ LINEAR HOP W/STICK | C18: 1-LEG MEDBALL SIDE TOSS - 90° | D18: 1-LEG MEDBALL SIDE TOSS AND CATCH - PARALLEL | F18: 1-LEG GLUTE BRIDGE | G18: KNEES ELEVATED BB ROLL-OUT | I18: GOBLET BULGARIAN SPLIT SQUAT | J18: BENCH OBLIQUE ISO HOLD - CHEST PASS | L18: STEP UP HIGH STEPPER | M18: STAGGERED ANTI-ROTATION PRESS OVER HEAD | Z18: 3-4x5
A19: LEVEL 12 | B19: CONTINUOUS LATERAL BOUND 45° | C19: SPLIT SQUAT MEDBALL SIDE TOSS AND CATCH - PARALLEL | D19: 1-LEG MEDBALL SIDE TOSS - PARALLEL | F19: 2-LEG MARCHING FORWARD GLUTE BRIDGE | J19: BENCH OBLIQUE ISO HOLD - OH PASS | L19: CROSS STEP UP MEDIUM STEPPER | M19: SPLIT SQUAT ANTI-ROTATION HOLD | Z19: 5x3
A20: LEVEL 13 | B20: CONTINUOUS LATERAL BOUND 45° W/MINI HOP | C20: SPLIT SQUAT MEDBALL SIDE TOSS - PARALLEL | D20: 1-LEG MEDBALL SIDE TOSS AND CATCH - 90° | F20: 2-LEG MARCHING FORWARD GLUTE BRIDGE W/ BLACKROLL | J20: BENCH OBLIQUE ISO HOLD - OH TOSS | L20: CROSS STEP UP HIGH STEPPER | M20: SPLIT SQUAT ANTI-ROTATION PRESS | Z20: 2x30s
A21: LEVEL 14 | B21: CONTINUOUS LATERAL BOUND 45° W/HIGH HOP | C21: SPLIT SQUAT MEDBALL SIDE TOSS AND CATCH - 90° | D21: 1-LEG MEDBALL SIDE TOSS - 90° | F21: 2-LEG CURL W/ PEZZIBALL | L21: SUPPORTED 1-LEG SQUAT | M21: SPLIT SQUAT ANTI-ROTATION PRESS TO OVERHEAD | Z21: 2x30s ea
A22: LEVEL 15 | B22: CONTINUOUS LATERAL BOUND 45° W/LINEAR HOP | C22: SPLIT SQUAT MEDBALL SIDE TOSS - 90° | D22: SPLIT SQUAT MEDBALL SIDE TOSS AND CATCH - PARALLEL | F22: LOADED 2-LEG GLUTE BRIDGE | L22: 1-LEG SQUAT | Z22: 3x10s ea
A23: LEVEL 16 | C23: SHUFFEL MEDBALL SIDE TOSS | D23: SPLIT SQUAT MEDBALL SIDE TOSS - PARALLEL | F23: LOADED 1-LEG GLUTE BRIDGE | L23: LOADED 1-LEG SQUAT | Z23: 3x10s
A24: LEVEL 17 | C24: OPEN STANCE MEDBALL SIDE TOSS | D24: SPLIT SQUAT MEDBALL SIDE TOSS AND CATCH - 90° | F24: 2-LEG HIP THRUST | Z24: 6x5s ea
A25: LEVEL 18 | C25: SPLIT STEP W OPEN STANCE MEDBALL SIDE TOSS | D25: SPLIT SQUAT MEDBALL SIDE TOSS - 90° | F25: 1-LEG HIP THRUST | Z25: 6x5s
A26: LEVEL 19 | C26: SLIDE IN OPEN STANCE MED BALL SIDE TOSS | D26: CLOSED STANCE MEDBALL SIDE TOSS | F26: LOADED 2-LEG HIP THRUST | Z26: 3x5 ea
A27: LEVEL 20 | C27: SLIDE IN OPEN STANCE MED BALL SIDE TOSS W/ HOP | D27: SLIDE IN CLOSED STANCE MED BALL SIDE TOSS | F27: LOADED 1-LEG HIP THRUST | Z27: 2x8
A28: LEVEL 21 | C28: SLIDE IN OPEN STANCE MED BALL SIDE TOSS W/ BOUND
A29: LEVEL 22 | C29: SLIDE IN OPEN STANCE MED BALL SIDE TOSS VH/BH
A30: LEVEL 23
A31: LEVEL 24
A32: LEVEL 25
A33: LEVEL 26
A34: LEVEL 27
A35: LEVEL 28
A36: LEVEL 29
A37: LEVEL 30

Sheet Oberkörper Progressionen 
B1: Squat Jump | C1: MedBall Overhead Throw | D1: MedBall Chest Pass | E1: Push Up | F1: Pull Up | G1: Plank | H1: Rowing | I1: Overhead Press | J1: Side Planks | K1: Cable Ts | L1: Biceps | M1: Triceps | N1: Crawling | O1: Underarm | P1: Hand | Q1: ISO Hold Upper Back | R1: ISO Hold Push Up | S1: ISO Hold Overhead Press | T1: ISO Hold Pull Up
A2: LEVEL A | B2: SQUAT JUMP | C2: 1/2-KN BASKETBALL OVERHEAD THROW WITH PARTNER | D2: 1/2-KN BASKETBALL 2-ARM CHEST PASS WITH PARTNER | E2: 1/2-KN 1-ARM CABLE/BAND PRESS | F2: 1/2-KN 1-ARM BAND PULLDOWN | G2: DEAD BUG | H2: SEATED 1-ARM BAND ROW | I2: SEATED 1-ARM OVERHEAD PRESS | J2: KN SIDE PLANK | K2: STANDING BAND PULL APART | L2: STANDING BAND/CABLE BICEP CURL | M2: STANDING BAND/CABLE TRICEP CURL | N2: FOOT HAND CRAWL | O2: UNDERARM SUPINATION/PRONATION | P2: TENNISBALL SQUEEZE ORANGE | Q2: ISO HOLD PRONE BENCH "T" | R2: ISO HOLD PUSH UP PLANK | S2: ISO HOLD 1/2 KN 1-ARM LANDMINE OVERHEAD PRESS | T2: ISO HOLD PULL UP PASSIV LOW
A3: LEVEL B | B3: CM JUMP | C3: 1/2-KN BASKETBALL OVERHEAD THROW INTO WALL | D3: 1/2-KN BASKETBALL 2-ARM CHEST PASS INTO WALL | E3: ARMS ELEVATED PUSH UP HIGH | F3: 1-LEG SUPPORTED PULL UPS | G3: PLANK | H3: 1/2 KN 1-ARM BAND ROW | I3: SEATED 2-ARM OVERHEAD PRESS | J3: SIDE PLANK | K3: STANDING CABLE "T" | L3: STANDING DB BICEP CURL | M3: STANDING BAND/CABLE 2-ARM TRICEP CURL | N3: BKWD CRAWL | O3: RACKET SUPINATION/PRONATION | P3: TENNISBALL SQUEZZE GREEN | Q3: ISO HOLD PRONE BENCH "W" | R3: ISO HOLD PUSH UP PLANK | S3: ISO HOLD 1/2 KN 1-ARM LANDMINE OVERHEAD PRESS | T3: ISO HOLD PULL UP PASSIV LOW
A4: LEVEL C | B4: SQUAT JUMP - TO BOX | C4: SPLIT STANCE BASKETBALL OH THROWS WITH PARTNER | D4: SPLIT STANCE BASKETBALL 2-ARM CHEST PASSES WITH PARTNER | E4: ARMS ELEVATED PUSH UP LOW | F4: PULL UP HANG PASSIVE LOW | G4: PUSH UP - SHOULDER TAP | H4: SITTING ON THE FLOOR 2-ARM BAND ROW | I4: SITTING ON THE FLOOR 1 ARM OVERHEAD PRESS | J4: SIDE PLANK ROTATIONS | K4: STANDIG CABLE FACE PULL | L4: STANDING BB BICEP CURL | M4: SUPPORTED DIPS | N4: SIDE CRAWL | O4: LOADED ARM SUPINATION/PRONATION | P4: FLEXBAR WRING VERTICAL | Q4: ISO HOLD PRONE BENCH "V" | R4: ISO HOLD PUSH UP PLANK | S4: ISO HOLD 1/2 KN 1-ARM LANDMINE OVERHEAD PRESS | T4: ISO HOLD PULL UP PASSIV LOW
A5: LEVEL D | B5: CM JUMP - TO BOX | C5: SPLIT STANCE MB OH THROWS INTO WALL | D5: SPLIT STANCE BASKETBALL 2-ARM CHEST PASSES INTO WALL | E5: PUSH UP ON KNEE | F5: PULL UP HANG AKTIVE LOW | G5: PLANK - SWITCH IN FRONT | H5: STANDING 2-ARM BAND ROW | I5: SITTING ON THE FLOOR 2 ARM OVERHEAD PRESS | J5: FT ELEVATED SIDE PLANK | K5: PRONE BENCH ROW TO "W" | L5: STANDING BB BICEP CURL | M5: DIPS | N5: FOOT ELBOW CRAWL | O5: LOADED ARM SUPINATION/PRONATION | P5: FLEXBAR WRING HORIZONTAL | Q5: ISO HOLD PRONE BENCH LOADED "T" | R5: ISO HOLD FT ELEVATED PUSH UP PLANK | S5: ISO HOLD 1/2 KN 1-ARM LANDMINE OVERHEAD PRESS | T5: ISO HOLD PULL UP ACTIVE LOW
A6: LEVEL E | B6: REACTIVE SQUAT JUMP | C6: 1-LEG BASKETBALL OH THROW WITH PARTNER | D6: 1-LEG BASKETBALL CHEST PASS WITH PARTNER | E6: ECC PUSH UP ON KNEE | F6: PULL UP ECC | G6: PUSH UP PLANK TENNISBALL CATCH | H6: STANDING 1-ARM BAND ROW | I6: 1/2 KN 1-ARM OVERHEAD PRESS | J6: SIDE PLANK WITH LEG ABDUCTION | K6: PRONE BENCH DB "V" RAISE | L6: STANDING BB BICEP CURL | M6: LOADED DIPS | N6: PUSH UP CRAWL | O6: LOADED ARM SUPINATION/PRONATION | P6: FLEXBAR BREAKING DOWN | Q6: ISO HOLD PRONE BENCH LOADED "W" | R6: ISO HOLD FT ELEVATED PUSH UP PLANK | S6: ISO HOLD 1/2 KN 1-ARM LANDMINE OVERHEAD PRESS | T6: ISO HOLD PULL UP ACTIVE LOW
A7: LEVEL F | B7: REACTIVE CMJ | C7: 1-LEG BASKETBALL OH THROW INTO WALL | D7: 1-LEG BASKETBALL CHEST PASSES INTO WALL | E7: PUSH UP | F7: BAND SUPPORTED PULL UP | G7: PLANK - SWITCH ON BACK | H7: 3-POINT HINGE ROW | I7: STANDING 1-ARM OVERHEAD PRESS | J7: FT ELEVATED SIDE PLANK - BLACKROLL | K7: PRONE "T", "V" RAISE | L7: STANDING BB BICEP CURL | M7: LOADED DIPS | N7: LATERAL PUSH UP CRAWL | O7: LOADED ARM SUPINATION/PRONATION | P7: FLEXBAR BREAKING UP | Q7: ISO HOLD PRONE BENCH LOADED "V" | R7: ISO HOLD FT ELEVATED PUSH UP PLANK | S7: ISO HOLD 1/2 KN 1-ARM LANDMINE OVERHEAD PRESS | T7: ISO HOLD PULL UP ACTIVE LOW
A8: LEVEL 1 | B8: REACTIVE BOX SQUAT JUMP - TO BOX | C8: 1/2-KN MB OH THROW & CATCH | D8: 1/2-KN MB CHEST PASS & CATCH | E8: 1/2-KN 1-ARM CABLE/BAND PRESS | F8: 1/2-KN 1-ARM CABLE/BAND PULLDOWN | G8: PLANK - SANDBAG PULL THROUGH | H8: STANDING 1-ARM BAND/CABLE ROW | I8: 1/2 KN LANDMINE OVERHEAD PRESS | J8: HIGH OBLIQUE SIT | K8: STANDING 1-ARM BAND "T" | L8: STANDING BAND/CABLE BICEP CURL | M8: STANDING BAND/CABLE TRICEP CURL | N8: LOADED FOOT HAND CRAWL | O8: RACKET SUPINATION/PRONATION | P8: TENNISBALL SQUEEZE | Q8: PRONE BENCH "T" | R8: PUSH UP PLANK | S8: 1/2-KN LANDMINE PRESS-ISO HOLD | T8: 1/2-KN OVERHEAD PRESS
A9: LEVEL 2 | B9: REACTIVE BOX SQUAT JUMP | C9: 1/2-KN MB OH THROW | D9: 1/2-KN MB CHEST PASS | E9: PUSH UP VARIATION | F9: PULL UP HANG PASSIVE LOW | G9: PLANK - SWITCH ON BACK AND PULL THROUGH | H9: 2-ARM TRX ROW | J9: FT ELEVATED SIDE PLANK | K9: 3-POINT HINGE "T" | L9: STANDING BB BICEP CURL | M9: SUPPORTED DIPS | N9: LOADED BKWD CRAWL | O9: LOADED ARM SUPINATION/PRONATION | P9: FLEXBAR WRING | Q9: PRONE BENCH "W"
A10: LEVEL 3 | B10: RESISTEND SQUAT JUMP | C10: 1/2-KN MB OH THROWS | D10: 1/2-KN MB CHEST PASSES | E10: PUSH UP | F10: PULL UP HANG AKTIVE LOW | G10: PUSH UP PLANK SHOULDER TAP AND TENNISBALL CATCH | H10: 1-ARM TRX ROW | J10: BENCH OBLIQUE ISO HOLD - CHEST | K10: 1-ARM BAND SHOULDER EXTERNAL ROTATION | M10: LOADED DIPS | N10: LOADED SIDE CRAWL | Q10: PRONE BENCH "V"
A11: LEVEL 4 | B11: RESISTEND CMJ | C11: 1/2-KN MB OH CATCH & THROW | D11: 1-LEG MB CHEST PASS & CATCH | E11: LOADED PUSH UP | F11: PULL UP ECC | G11: PUSH UP PLANK MEDBALL BALL CATCH | H11: 1-KB 3 POINT HINGE ROW | J11: BENCH OBLIQUE ISO HOLD - HEAD | K11: 1-ARM BAND SHOULDER EXTERNAL ROTATION 90° | N11: LOADED FOOT ELBOW CRAWL
A12: LEVEL 5 | B12: ASSISTEND SQUAT JUMP | C12: 1-LEG MB OH THROW & CATCH | D12: 1-LEG MB CHEST PASS | E12: TRX PUSH UP | F12: BAND SUPPORTED PULL UP | G12: PB STIR THE POT | H12: KB PRONE BENCH ROW | J12: BENCH OBLIQUE ISO HOLD - OH | K12: 2-ARM BAND SHOULDER EXTERNAL ROTATION 90° | N12: LOADED PUSH UP CRAWL
A13: LEVEL 6 | B13: ASSISTEND CMJ | C13: 1-LEG MB OH THROW | D13: 1-LEG MB CHEST PASSES | E13: BOSU PUSH UP | F13: PULL UP | G13: FEET ELEVATED PB STIR THE POT | H13: 2 ARM TRX ROW | J13: TK PEZZIBALL BAND ROTATION | K13: ISO 1-ARM BAND SHOULDER EXTERNAL ROTATION - SIDE MARCH | N13: LOADED LATERAL PUSH UP CRAWL
A14: LEVEL 7 | C14: 1-LEG MB OH THROWS | D14: SPLIT MB CHEST PASS & CATCH | E14: 1-ARM BENCH PRESS | F14: LOADED PULL UP | G14: PB ROLL-OUT | H14: 1 ARM TRX ROW | J14: PEZZIBALL BAND ROTATION CLOSED STANCE | K14: KN SHOULDERBLADE PUSH UPS | N14: BEAR CRAWL STRAIGHT LEGS
A15: LEVEL 8 | C15: 1-LEG MB OH CATCH & THROW | D15: SPLIT MB CHEST PASS | E15: PUSH UP W/ROTATION | G15: KNEES ELEVATED PB ROLL-OUT | H15: BARBELL ROW | J15: PEZZIBALL BAND ROTATION OPEN STANCE | K15: SHOULDERBLADE PUSH UPS | N15: CIRCLE CRAWL
A16: LEVEL 9 | C16: SPLIT MB OH THROW & CATCH | D16: SPLIT MB CHEST PASSES | G16: AB-WHEEL ROLL-OUT | H16: 1-KB 2 POINT 1 -LEG HINGE ROW | N16: CRAB CRAWL
A17: LEVEL 10 | C17: SPLIT MB OH THROW | D17: STAGGERED MB CHEST PASS & CATCH | G17: BB ROLL-OUT | N17: SIDEWAY CRAB CRAWL
A18: LEVEL 11 | C18: SPLIT MB OH THROWS | D18: STAGGERED MB CHEST PASS | G18: KNEES ELEVATED BB ROLL-OUT | N18: GORILLA CRAWL
A19: LEVEL 12 | C19: SPLIT MB OH CATCH & THROW | D19: STAGGERED MB CHEST PASSES | G19: VS BODY SAW | N19: SIDEWAY GORILLA CRAWL
A20: LEVEL 13 | C20: STAGGERED MB OH THROW & CATCH | D20: BASE MB CHEST PASS & CATCH | G20: VS BODY SAW - 1-LEG | N20: ALLIGATOR CRAWL
A21: LEVEL 14 | C21: STAGGERED MB OH THROW | D21: BASE MB CHEST PASS | G21: BB RESISTED ROLL-OUT | N21: CRAWL WITH SIT THROUGH
A22: LEVEL 15 | C22: STAGGERED MB OH THROWS | D22: BASE MB CHEST PASSES | G22: VS STRAIGHT ARM BODY SAW | N22: CRAWL WITH PULL THROUGH
A23: LEVEL 16 | C23: STAGGERED MB OH CATCH & THROW | D23: ROT OH MED BALL SLAM W/ 2-ARM CHEST PASS PARALLEL | N23: DEADLEG CRAWL
C24: BASE MB OH THROW & CATCH | D24: ROT OH MED BALL SLAM W/ 1-ARM CHEST PASS 90° | N24: LOADED DEADLEG CRAWL
C25: BASE MB OH THROW | D25: ROT OH MED BALL SLAM W/ 1-ARM CHEST PASS PARALLEL
C26: BASE MB OH THROWS
C27: BASE MB OH CATCH & THROW
C28: MED BALL SLAM
C29: 1-LEG MED BALL SLAM
C30: ROT OH MED BALL SLAM
C31: ROT OH MED BALL SLAM W/ SIDE TOSS 90°
C32: ROT OH MED BALL SLAM W/ SIDE TOSS PARALLEL

Sheet Level 1 bis 6
A2: Wochengestaltung je nach Trainings- oder Wettkampfperiode | B2: Samstag | C2: Sonntag | D2: Montag | G2: Dienstag | J2: Mittwoch | M2: Donnerstag | P2: Freitag | S2: Samstag | T2: Sonntag | U2: LEVEL 1 bis 6 | V2: Wochengestaltung je nach Trainings- oder Wettkampfperiode | W2: Samstag | X2: Sonntag | Y2: Montag | AB2: Dienstag | AE2: Mittwoch | AH2: Donnerstag | AK2: Freitag | AN2: Samstag | AO2: Sonntag
D3: 4+ | G3: 4+ | J3: 4+ | M3: 4+ | P3: 4+ | Y3: 2- | AB3: 3- | AE3: 4+ | AH3: 3+ | AK3: 2+ | AR3: Inhalt | AS3: RPE | AT3: Zeit
B4: Spielen | C4: frei | D4: WU Spr | E4: 5 | F4: 30 | G4: BH1 | H4: 3 | I4: 10 | J4: KV1 | K4: 1 | L4: 10 | M4: WU Spr | N4: 5 | O4: 30 | P4: BH2 | Q4: 3 | R4: 10 | S4: Spielen | T4: frei | W4: Match | X4: frei | Y4: KV2 | Z4: 2 | AA4: 10 | AB4: WU Spr | AC4: 5 | AD4: 30 | AE4: KV1 | AF4: 1 | AG4: 10 | AH4: WU Spr | AI4: 5 | AJ4: 30 | AK4: BH1 | AL4: 3 | AM4: 10 | AN4: Spielen | AO4: Match | AR4: OKK | AS4: 6 | AT4: 20
D5: Ukex | E5: 4 | F5: 10 | G5: Okex | H5: 4 | I5: 10 | J5: WU Spr | K5: 5 | L5: 30 | M5: Ukex | N5: 4 | O5: 10 | P5: Okex | Q5: 4 | R5: 10 | Y5: BH2 | Z5: 3 | AA5: 10 | AB5: Ukex | AC5: 4 | AD5: 10 | AE5: KV2 | AF5: 2 | AG5: 10 | AH5: Ukex | AI5: 4 | AJ5: 10 | AK5: Okex | AL5: 4 | AM5: 10 | AR5: Okp | AS5: 4 | AT5: 20
D6: UKK | E6: 6 | F6: 20 | G6: OKK | H6: 6 | I6: 20 | J6: Prävention | K6: 2 | L6: 10 | M6: UKK | N6: 6 | O6: 20 | P6: OKK | Q6: 6 | R6: 20 | Y6: Okex | Z6: 4 | AA6: 10 | AB6: UKK | AC6: 6 | AD6: 20 | AE6: BH2 | AF6: 3 | AG6: 10 | AH6: UKK | AI6: 6 | AJ6: 20 | AK6: Ukp | AL6: 4 | AM6: 15 | AR6: Okex | AS6: 4 | AT6: 10
D7: Ukp | E7: 4 | F7: 15 | G7: Okp | H7: 4 | I7: 15 | M7: Okp | N7: 4 | O7: 15 | P7: Ukp | Q7: 4 | R7: 15 | Y7: OKK | Z7: 6 | AA7: 20 | AB7: Ukp | AC7: 4 | AD7: 15 | AE7: Prävention | AF7: 2 | AG7: 10 | AH7: Okp | AI7: 4 | AJ7: 15 | AK7: OKiso | AL7: 4 | AM7: 10 | AR7: Okiso | AS7: 5 | AT7: 10
D8: UKiso | E8: 4 | F8: 10 | G8: OKiso | H8: 5 | I8: 10 | M8: UKiso | N8: 4 | O8: 10 | P8: OKiso | Q8: 5 | R8: 10 | Y8: Okp | Z8: 4 | AA8: 15 | AB8: UKiso | AC8: 5 | AD8: 10 | AH8: UKiso | AI8: 5 | AJ8: 10 | AR8: BH1 | AS8: 3 | AT8: 10
Y9: OKiso | Z9: 4 | AA9: 10 | AR9: WU Spr | AS9: 5 | AT9: 20
C10: RPE gesamt | D10: =(E4*F4)+(E5*F5)+(E6*F6)+(E7*F7)+(E8*F8)+(E9*F9) -> 410 | E10: =SUM(E4:E9) -> 23 | F10: =SUM(F4:F9) -> 85 | G10: =(H4*I4)+(H5*I5)+(H6*I6)+(H7*I7)+(H8*I8) -> 300 | H10: =SUM(H4:H8) -> 22 | I10: =SUM(I4:I8) -> 65 | J10: =(K4*L4)+(K5*L5)+(K6*L6)+(K7*L7)+(K8*L8)+(K9*L9) -> 180 | K10: =SUM(K4:K9) -> 8 | L10: =SUM(L4:L9) -> 50 | M10: =(N4*O4)+(N5*O5)+(N6*O6)+(N7*O7)+(N8*O8)+(N9*O9) -> 410 | N10: =SUM(N4:N9) -> 23 | O10: =SUM(O4:O9) -> 85 | P10: =(Q4*R4)+(Q5*R5)+(Q6*R6)+(Q7*R7)+(Q8*R8)+(Q9*R9) -> 300 | Q10: =SUM(Q4:Q9) -> 22 | R10: =SUM(R4:R9) -> 65 | T10: =D10+G10+J10+M10+P10 -> 1600 | X10: RPE gesamt | Y10: =(Z4*AA4)+(Z5*AA5)+(Z6*AA6)+(Z7*AA7)+(Z8*AA8)+(Z9*AA9) -> 310 | Z10: =SUM(Z4:Z9) -> 23 | AA10: =SUM(AA4:AA9) -> 75 | AB10: =(AC4*AD4)+(AC5*AD5)+(AC6*AD6)+(AC7*AD7)+(AC8*AD8) -> 420 | AC10: =SUM(AC4:AC8) -> 24 | AD10: =SUM(AD4:AD8) -> 85 | AE10: =(AF4*AG4)+(AF5*AG5)+(AF6*AG6)+(AF7*AG7)+(AF8*AG8)+(AF9*AG9) -> 80 | AF10: =SUM(AF4:AF9) -> 8 | AG10: =SUM(AG4:AG9) -> 40 | AH10: =(AI4*AJ4)+(AI5*AJ5)+(AI6*AJ6)+(AI7*AJ7)+(AI8*AJ8)+(AI9*AJ9) -> 420 | AI10: =SUM(AI4:AI9) -> 24 | AJ10: =SUM(AJ4:AJ9) -> 85 | AK10: =(AL4*AM4)+(AL5*AM5)+(AL6*AM6)+(AL7*AM7)+(AL8*AM8)+(AL9*AM9) -> 170 | AL10: =SUM(AL4:AL9) -> 15 | AM10: =SUM(AM4:AM9) -> 45 | AO10: =Y10+AB10+AE10+AH10+AK10 -> 1400 | AR10: Prävention | AS10: 2 | AT10: 10
B11: Samstag | C11: Sonntag | D11: Montag | G11: Dienstag | J11: Mittwoch | M11: Donnerstag | P11: Freitag | S11: Samstag | T11: Sonntag | W11: Samstag | X11: Sonntag | Y11: Montag | AB11: Dienstag | AE11: Mittwoch | AH11: Donnerstag | AK11: Freitag | AN11: Samstag | AO11: Sonntag | AR11: UKK | AS11: 6 | AT11: 20
D12: 4+ | G12: 4+ | J12: 3+ | M12: 2+ | P12: 1+ | Y12: 4+ | AB12: 4+ | AE12: 4+ | AH12: 3+ | AK12: 2+ | AR12: Ukp | AS12: 4 | AT12: 20
B13: Spielen | C13: frei | D13: WU Spr | E13: 5 | F13: 30 | G13: BH1 | H13: 3 | I13: 10 | J13: KV1 | K13: 1 | L13: 10 | M13: BH1 | N13: 3 | O13: 10 | P13: WU Spr | Q13: 5 | R13: 30 | S13: Match | T13: Match | W13: Spielen | X13: frei | Y13: WU Spr | Z13: 5 | AA13: 30 | AB13: BH1 | AC13: 3 | AD13: 10 | AE13: KV1 | AF13: 1 | AG13: 10 | AH13: WU Spr | AI13: 5 | AJ13: 30 | AK13: BH1 | AL13: 3 | AM13: 10 | AN13: Spielen | AO13: Match | AR13: Ukex | AS13: 4 | AT13: 10
D14: Ukex | E14: 4 | F14: 10 | G14: BH2 | H14: 3 | I14: 10 | J14: WU Spr | K14: 5 | L14: 30 | M14: BH2 | N14: 3 | O14: 10 | P14: Okex | Q14: 4 | R14: 10 | Y14: Ukex | Z14: 4 | AA14: 10 | AB14: BH2 | AC14: 3 | AD14: 10 | AE14: WU Spr | AF14: 5 | AG14: 30 | AH14: Ukex | AI14: 4 | AJ14: 10 | AK14: Okex | AL14: 4 | AM14: 10 | AR14: Ukiso | AS14: 5 | AT14: 10
D15: UKK | E15: 6 | F15: 20 | G15: Okex | H15: 4 | I15: 10 | J15: Prävention | K15: 2 | L15: 10 | M15: Ukex | N15: 4 | O15: 10 | P15: Okp | Q15: 4 | R15: 15 | Y15: UKK | Z15: 6 | AA15: 20 | AB15: Okex | AC15: 4 | AD15: 10 | AE15: Prävention | AF15: 2 | AG15: 10 | AH15: UKK | AI15: 6 | AJ15: 20 | AK15: Ukp | AL15: 4 | AM15: 15 | AR15: BH2 | AS15: 3 | AT15: 10
D16: Ukp | E16: 4 | F16: 15 | G16: OKK | H16: 6 | I16: 20 | M16: Ukp | N16: 4 | O16: 15 | P16: OKiso | Q16: 4 | R16: 10 | Y16: Ukp | Z16: 4 | AA16: 15 | AB16: OKK | AC16: 6 | AD16: 20 | AH16: Okp | AI16: 4 | AJ16: 15 | AK16: OKiso | AL16: 4 | AM16: 10 | AR16: KV1 | AS16: 1 | AT16: 10
D17: UKiso | E17: 5 | F17: 10 | G17: Okp | H17: 4 | I17: 15 | M17: UKiso | N17: 5 | O17: 10 | Y17: UKiso | Z17: 5 | AA17: 10 | AB17: Okp | AC17: 4 | AD17: 15 | AH17: UKiso | AI17: 5 | AJ17: 10 | AR17: KV2 | AS17: 2 | AT17: 10
G18: OKiso | H18: 4 | I18: 10 | AB18: OKiso | AC18: 4 | AD18: 10
C19: RPE gesamt | D19: =(E13*F13)+(E14*F14)+(E16*F16)+(E17*F17)+(E18*F18) -> 300 | E19: =SUM(E13:E18) -> 24 | F19: =SUM(F13:F18) -> 85 | G19: =(H13*I13)+(H14*I14)+(H16*I16)+(H17*I17) -> 240 | H19: =SUM(H13:H17) -> 20 | I19: =SUM(I13:I17) -> 65 | J19: =(K13*L13)+(K14*L14)+(K16*L16)+(K17*L17)+(K18*L18) -> 160 | K19: =SUM(K13:K18) -> 8 | L19: =SUM(L13:L18) -> 50 | M19: =(N13*O13)+(N14*O14)+(N16*O16)+(N17*O17)+(N18*O18) -> 170 | N19: =SUM(N13:N18) -> 19 | O19: =SUM(O13:O18) -> 55 | P19: =(Q13*R13)+(Q14*R14)+(Q16*R16)+(Q17*R17)+(Q18*R18) -> 230 | Q19: =SUM(Q13:Q18) -> 17 | R19: =SUM(R13:R18) -> 65 | T19: =D19+G19+J19+M19+P19 -> 1100 | X19: RPE gesamt | Y19: =(Z13*AA13)+(Z14*AA14)+(Z16*AA16)+(Z17*AA17)+(Z18*AA18) -> 300 | Z19: =SUM(Z13:Z18) -> 24 | AA19: =SUM(AA13:AA18) -> 85 | AB19: =(AC13*AD13)+(AC14*AD14)+(AC16*AD16)+(AC17*AD17) -> 240 | AC19: =SUM(AC13:AC17) -> 20 | AD19: =SUM(AD13:AD17) -> 65 | AE19: =(AF13*AG13)+(AF14*AG14)+(AF16*AG16)+(AF17*AG17)+(AF18*AG18) -> 160 | AF19: =SUM(AF13:AF18) -> 8 | AG19: =SUM(AG13:AG18) -> 50 | AH19: =(AI13*AJ13)+(AI14*AJ14)+(AI16*AJ16)+(AI17*AJ17)+(AI18*AJ18) -> 300 | AI19: =SUM(AI13:AI18) -> 24 | AJ19: =SUM(AJ13:AJ18) -> 85 | AK19: =(AL13*AM13)+(AL14*AM14)+(AL16*AM16)+(AL17*AM17)+(AL18*AM18) -> 110 | AL19: =SUM(AL13:AL18) -> 15 | AM19: =SUM(AM13:AM18) -> 45 | AO19: =Y19+AB19+AE19+AH19+AK19 -> 1110
A21: Wochengestaltung je nach Trainings- oder Wettkampfperiode | B21: Samstag | C21: Sonntag | D21: Montag | G21: Dienstag | J21: Mittwoch | M21: Donnerstag | P21: Freitag | S21: Samstag | T21: Sonntag | V21: Wochengestaltung je nach Trainings- oder Wettkampfperiode | W21: Samstag | X21: Sonntag | Y21: Montag | AB21: Dienstag | AE21: Mittwoch | AH21: Donnerstag | AK21: Freitag | AN21: Samstag | AO21: Sonntag
D22: 1- | G22: 2- | J22: 3- | M22: 4+ | P22: 4+ | Y22: 2- | AB22: 3- | AE22: 2+ | AH22: 1+
B23: Match | C23: Match | D23: KV1 | E23: 1 | F23: 10 | G23: frei | J23: BH1 | K23: 3 | L23: 10 | M23: KV1 | N23: 1 | O23: 10 | P23: BH1 | Q23: 3 | R23: 10 | S23: Spielen | T23: frei | W23: Match | X23: frei | Y23: BH2 | Z23: 3 | AA23: 10 | AB23: BH1 | AC23: 3 | AD23: 10 | AE23: KV1 | AF23: 1 | AG23: 10 | AH23: WU Spr | AI23: 5 | AJ23: 30 | AK23: Match | AN23: Match | AO23: Match
D24: KV2 | E24: 2 | F24: 10 | J24: BH2 | K24: 3 | L24: 20 | M24: WU Spr | N24: 5 | O24: 30 | P24: BH2 | Q24: 3 | R24: 10 | Y24: Okex | Z24: 4 | AA24: 10 | AB24: BH2 | AC24: 3 | AD24: 10 | AE24: WU Spr | AF24: 5 | AG24: 30 | AH24: Okex | AI24: 4 | AJ24: 10
D25: BH1 | E25: 3 | F25: 10 | J25: Ukex | K25: 4 | L25: 10 | M25: Prävention | N25: 2 | O25: 10 | P25: Okex | Q25: 4 | R25: 10 | Y25: OKK | Z25: 6 | AA25: 20 | AB25: Ukex | AC25: 4 | AD25: 10 | AE25: Prävention | AF25: 2 | AG25: 10 | AH25: Okp | AI25: 4 | AJ25: 15
D26: Ukp | E26: 4 | F26: 15 | J26: UKK | K26: 6 | L26: 20 | P26: OKK | Q26: 6 | R26: 20 | Y26: Okp | Z26: 4 | AA26: 15 | AB26: UKK | AC26: 6 | AD26: 20
J27: Ukp | K27: 4 | L27: 15 | P27: Okp | Q27: 4 | R27: 15 | Y27: OKiso | Z27: 4 | AA27: 10 | AB27: Ukp | AC27: 4 | AD27: 15
J28: UKiso | K28: 5 | L28: 5 | P28: OKiso | Q28: 4 | R28: 10 | AB28: UKiso | AC28: 5 | AD28: 10
C29: RPE gesamt | D29: =(E23*F23)+(E24*F24)+(E25*F25)+(E26*F26)+(E27*F27)+(E28*F28) -> 120 | E29: =SUM(E23:E28) -> 10 | F29: =SUM(F23:F28) -> 45 | G29: =(H23*I23)+(H24*I24)+(H25*I25)+(H26*I26)+(H27*I27) -> 0 | H29: =SUM(H23:H27) -> 0 | I29: =SUM(I23:I27) -> 0 | J29: =(K23*L23)+(K24*L24)+(K25*L25)+(K26*L26)+(K27*L27)+(K28*L28) -> 335 | K29: =SUM(K23:K28) -> 25 | L29: =SUM(L23:L28) -> 80 | M29: =(N23*O23)+(N24*O24)+(N25*O25)+(N26*O26)+(N27*O27)+(N28*O28) -> 180 | N29: =SUM(N23:N28) -> 8 | O29: =SUM(O23:O28) -> 50 | P29: =(Q23*R23)+(Q24*R24)+(Q25*R25)+(Q26*R26)+(Q27*R27)+(Q28*R28) -> 320 | Q29: =SUM(Q23:Q28) -> 24 | R29: =SUM(R23:R28) -> 75 | T29: =D29+G29+J29+M29+P29 -> 955 | X29: RPE gesamt | Y29: =(Z23*AA23)+(Z24*AA24)+(Z25*AA25)+(Z26*AA26)+(Z27*AA27)+(Z28*AA28) -> 290 | Z29: =SUM(Z23:Z28) -> 21 | AA29: =SUM(AA23:AA28) -> 65 | AB29: =(AC23*AD23)+(AC24*AD24)+(AC25*AD25)+(AC26*AD26)+(AC27*AD27) -> 280 | AC29: =SUM(AC23:AC27) -> 20 | AD29: =SUM(AD23:AD27) -> 65 | AE29: =(AF23*AG23)+(AF24*AG24)+(AF25*AG25)+(AF26*AG26)+(AF27*AG27)+(AF28*AG28) -> 180 | AF29: =SUM(AF23:AF28) -> 8 | AG29: =SUM(AG23:AG28) -> 50 | AH29: =(AI23*AJ23)+(AI24*AJ24)+(AI25*AJ25)+(AI26*AJ26)+(AI27*AJ27)+(AI28*AJ28) -> 250 | AI29: =SUM(AI23:AI28) -> 13 | AJ29: =SUM(AJ23:AJ28) -> 55 | AK29: =(AL23*AM23)+(AL24*AM24)+(AL25*AM25)+(AL26*AM26)+(AL27*AM27)+(AL28*AM28) -> 0 | AL29: =SUM(AL23:AL28) -> 0 | AM29: =SUM(AM23:AM28) -> 0 | AO29: =Y29+AB29+AE29+AH29+AK29 -> 1000
B30: Samstag | C30: Sonntag | D30: Montag | G30: Dienstag | J30: Mittwoch | M30: Donnerstag | P30: Freitag | S30: Samstag | T30: Sonntag | W30: Samstag | X30: Sonntag | Y30: Montag | AB30: Dienstag | AE30: Mittwoch | AH30: Donnerstag | AK30: Freitag | AN30: Samstag | AO30: Sonntag
D31: 1- | G31: 2- | J31: 3- | M31: 2+ | P31: 1+ | Y31: 4+ | AB31: 3+ | AE31: 2+ | AH31: 1+
B32: Match | C32: Match | D32: KV1 | E32: 1 | F32: 10 | G32: frei | J32: BH1 | K32: 3 | L32: 10 | M32: BH1 | N32: 3 | O32: 10 | P32: WU Spr | Q32: 5 | R32: 30 | S32: Match | T32: Match | W32: Spielen | X32: frei | Y32: WU Spr | Z32: 5 | AA32: 30 | AB32: BH1 | AC32: 3 | AD32: 10 | AE32: BH2 | AF32: 3 | AG32: 10 | AH32: WU Spr | AI32: 5 | AJ32: 30 | AK32: Match | AN32: Match | AO32: Match
D33: KV2 | E33: 2 | F33: 10 | J33: BH2 | K33: 3 | L33: 20 | M33: OKK | N33: 6 | O33: 20 | P33: Okex | Q33: 4 | R33: 10 | Y33: Ukex | Z33: 4 | AA33: 10 | AB33: BH2 | AC33: 3 | AD33: 10 | AE33: Ukp | AF33: 4 | AG33: 15 | AH33: Okex | AI33: 4 | AJ33: 10
D34: BH1 | E34: 3 | F34: 10 | J34: Ukex | K34: 4 | L34: 10 | M34: Okp | N34: 4 | O34: 15 | P34: Ukp | Q34: 4 | R34: 15 | Y34: UKK | Z34: 6 | AA34: 20 | AB34: Okex | AC34: 4 | AD34: 10 | AE34: OKiso | AF34: 4 | AG34: 10 | AH34: Okp | AI34: 4 | AJ34: 15
D35: Ukp | E35: 4 | F35: 15 | J35: UKK | K35: 6 | L35: 20 | M35: OKiso | N35: 4 | O35: 10 | Y35: Ukp | Z35: 4 | AA35: 5 | AB35: OKK | AC35: 6 | AD35: 20
J36: Ukp | K36: 4 | L36: 15 | Y36: UKiso | Z36: 5 | AA36: 10 | AB36: OKiso | AC36: 4 | AD36: 10
J37: UKiso | K37: 5 | L37: 5
C38: RPE gesamt | D38: =(E32*F32)+(E33*F33)+(E34*F34)+(E35*F35)+(E36*F36)+(E37*F37) -> 120 | E38: =SUM(E32:E37) -> 10 | F38: =SUM(F32:F37) -> 45 | G38: =(H32*I32)+(H33*I33)+(H34*I34)+(H35*I35)+(H36*I36) -> 0 | H38: =SUM(H32:H36) -> 0 | I38: =SUM(I32:I36) -> 0 | J38: =(K32*L32)+(K33*L33)+(K34*L34)+(K35*L35)+(K36*L36)+(K37*L37) -> 335 | K38: =SUM(K32:K37) -> 25 | L38: =SUM(L32:L37) -> 80 | M38: =(N32*O32)+(N33*O33)+(N34*O34)+(N35*O35)+(N36*O36)+(N37*O37) -> 250 | N38: =SUM(N32:N37) -> 17 | O38: =SUM(O32:O37) -> 55 | P38: =(Q32*R32)+(Q33*R33)+(Q34*R34)+(Q35*R35)+(Q36*R36)+(Q37*R37) -> 250 | Q38: =SUM(Q32:Q37) -> 13 | R38: =SUM(R32:R37) -> 55 | T38: =D38+G38+J38+M38+P38 -> 955 | X38: RPE gesamt | Y38: =(Z32*AA32)+(Z33*AA33)+(Z34*AA34)+(Z35*AA35)+(Z36*AA36)+(Z37*AA37) -> 380 | Z38: =SUM(Z32:Z37) -> 24 | AA38: =SUM(AA32:AA37) -> 75 | AB38: =(AC32*AD32)+(AC33*AD33)+(AC34*AD34)+(AC35*AD35)+(AC36*AD36) -> 260 | AC38: =SUM(AC32:AC36) -> 20 | AD38: =SUM(AD32:AD36) -> 60 | AE38: =(AF32*AG32)+(AF33*AG33)+(AF34*AG34)+(AF35*AG35)+(AF36*AG36)+(AF37*AG37) -> 130 | AF38: =SUM(AF32:AF37) -> 11 | AG38: =SUM(AG32:AG37) -> 35 | AH38: =(AI32*AJ32)+(AI33*AJ33)+(AI34*AJ34)+(AI35*AJ35)+(AI36*AJ36)+(AI37*AJ37) -> 250 | AI38: =SUM(AI32:AI37) -> 13 | AJ38: =SUM(AJ32:AJ37) -> 55 | AK38: =(AL32*AM32)+(AL33*AM33)+(AL34*AM34)+(AL35*AM35)+(AL36*AM36)+(AL37*AM37) -> 0 | AL38: =SUM(AL32:AL37) -> 0 | AM38: =SUM(AM32:AM37) -> 0 | AO38: =Y38+AB38+AE38+AH38+AK38 -> 1020
A40: Wochengestaltung je nach Trainings- oder Wettkampfperiode | B40: Samstag | C40: Sonntag | D40: Montag | G40: Dienstag | J40: Mittwoch | M40: Donnerstag | P40: Freitag | S40: Samstag | T40: Sonntag
C41: 1- | D41: 2- | G41: 3- | J41: 3+ | M41: 2+ | P41: 1+
B42: Match | C42: frei | D42: BH2 | E42: 3 | F42: 10 | G42: KV1 | H42: 1 | I42: 10 | J42: BH1 | K42: 3 | L42: 10 | M42: BH1 | N42: 3 | O42: 10 | P42: WU Spr | Q42: 5 | R42: 30 | S42: Match | T42: frei
D43: Okex | E43: 4 | F43: 10 | G43: WU Spr | H43: 5 | I43: 30 | J43: BH2 | K43: 3 | L43: 10 | M43: OKK | N43: 6 | O43: 20 | P43: Okex | Q43: 4 | R43: 10
D44: OKK | E44: 6 | F44: 20 | G44: Prävention | H44: 2 | I44: 10 | J44: Ukex | K44: 4 | L44: 10 | M44: Okp | N44: 4 | O44: 15 | P44: Ukp | Q44: 3 | R44: 15
D45: Okp | E45: 4 | F45: 15 | J45: UKK | K45: 6 | L45: 20 | M45: OKiso | N45: 4 | O45: 10
D46: OKiso | E46: 4 | F46: 10 | J46: Ukp | K46: 4 | L46: 15
J47: UKiso | K47: 5 | L47: 10
C48: RPE gesamt | D48: =(E42*F42)+(E43*F43)+(E44*F44)+(E45*F45)+(E46*F46)+(E47*F47) -> 290 | E48: =SUM(E42:E47) -> 21 | F48: =SUM(F42:F47) -> 65 | G48: =(H42*I42)+(H43*I43)+(H44*I44)+(H45*I45)+(H46*I46) -> 180 | H48: =SUM(H42:H46) -> 8 | I48: =SUM(I42:I46) -> 50 | J48: =(K42*L42)+(K43*L43)+(K44*L44)+(K45*L45)+(K46*L46)+(K47*L47) -> 330 | K48: =SUM(K42:K47) -> 25 | L48: =SUM(L42:L47) -> 75 | M48: =(N42*O42)+(N43*O43)+(N44*O44)+(N45*O45)+(N46*O46)+(N47*O47) -> 250 | N48: =SUM(N42:N47) -> 17 | O48: =SUM(O42:O47) -> 55 | P48: =(Q42*R42)+(Q43*R43)+(Q44*R44)+(Q45*R45)+(Q46*R46)+(Q47*R47) -> 235 | Q48: =SUM(Q42:Q47) -> 12 | R48: =SUM(R42:R47) -> 55 | T48: =D48+G48+J48+M48+P48 -> 1285

Sheet Level 7 bis 9
A2: Wochengestaltung je nach Trainings- oder Wettkampfperiode | B2: Samstag | C2: Sonntag | D2: Montag | G2: Dienstag | J2: Mittwoch | M2: Donnerstag | P2: Freitag | S2: Samstag | T2: Sonntag | U2: LEVEL 7 bis 9 | V2: Wochengestaltung je nach Trainings- oder Wettkampfperiode | W2: Samstag | X2: Sonntag | Y2: Montag | AB2: Dienstag | AE2: Mittwoch | AH2: Donnerstag | AK2: Freitag | AN2: Samstag | AO2: Sonntag
D3: 4+ | G3: 4+ | J3: 4+ | M3: 4+ | P3: 4+ | Y3: 2- | AB3: 3- | AE3: 4+ | AH3: 3+ | AK3: 2+ | AR3: Inhalt | AS3: RPE | AT3: Zeit
B4: Spielen | C4: frei | D4: WU Spr | E4: 5 | F4: 30 | G4: BH1 | H4: 3 | I4: 10 | J4: KV1 | K4: 1 | L4: 10 | M4: WU Spr | N4: 5 | O4: 30 | P4: BH2 | Q4: 3 | R4: 10 | S4: Spielen | T4: frei | W4: Match | X4: frei | Y4: KV2 | Z4: 2 | AA4: 10 | AB4: WU Spr | AC4: 5 | AD4: 30 | AE4: KV1 | AF4: 1 | AG4: 10 | AH4: WU Spr | AI4: 5 | AJ4: 30 | AK4: BH1 | AL4: 3 | AM4: 10 | AN4: Spielen | AO4: Match | AR4: OKK | AS4: 6 | AT4: 45
D5: Ukex | E5: 4 | F5: 10 | G5: Okex | H5: 4 | I5: 10 | J5: WU Spr | K5: 5 | L5: 30 | M5: Ukex | N5: 4 | O5: 10 | P5: Okex | Q5: 4 | R5: 10 | Y5: BH2 | Z5: 3 | AA5: 10 | AB5: Ukex | AC5: 4 | AD5: 10 | AE5: KV2 | AF5: 2 | AG5: 10 | AH5: Ukex | AI5: 4 | AJ5: 10 | AK5: Okex | AL5: 4 | AM5: 10 | AR5: Okp | AS5: 4 | AT5: 25
D6: UKK | E6: 6 | F6: 45 | G6: OKK | H6: 6 | I6: 45 | J6: Prävention | K6: 2 | L6: 10 | M6: UKK | N6: 6 | O6: 45 | P6: OKK | Q6: 6 | R6: 45 | Y6: Okex | Z6: 4 | AA6: 10 | AB6: UKK | AC6: 6 | AD6: 45 | AE6: BH2 | AF6: 3 | AG6: 10 | AH6: OKK | AI6: 6 | AJ6: 45 | AK6: Ukp | AL6: 4 | AM6: 25 | AR6: Okex | AS6: 4 | AT6: 10
D7: Ukp | E7: 4 | F7: 25 | G7: Okp | H7: 4 | I7: 25 | M7: Okp | N7: 4 | O7: 25 | P7: Ukp | Q7: 4 | R7: 25 | Y7: OKK | Z7: 6 | AA7: 45 | AB7: Ukp | AC7: 4 | AD7: 25 | AE7: Prävention | AF7: 2 | AG7: 10 | AH7: Okp | AI7: 4 | AJ7: 25 | AK7: OKiso | AL7: 4 | AM7: 10 | AR7: Okiso | AS7: 5 | AT7: 10
D8: UKiso | E8: 4 | F8: 10 | G8: OKiso | H8: 5 | I8: 10 | M8: UKiso | N8: 4 | O8: 10 | P8: OKiso | Q8: 5 | R8: 10 | Y8: Okp | Z8: 4 | AA8: 25 | AB8: UKiso | AC8: 5 | AD8: 10 | AH8: UKiso | AI8: 5 | AJ8: 10 | AR8: BH1 | AS8: 3 | AT8: 10
Y9: OKiso | Z9: 4 | AA9: 10 | AR9: WU Spr | AS9: 5 | AT9: 30
C10: RPE gesamt | D10: =(E4*F4)+(E5*F5)+(E6*F6)+(E7*F7)+(E8*F8)+(E9*F9) -> 600 | E10: =SUM(E4:E9) -> 23 | F10: =SUM(F4:F9) -> 120 | G10: =(H4*I4)+(H5*I5)+(H6*I6)+(H7*I7)+(H8*I8) -> 490 | H10: =SUM(H4:H8) -> 22 | I10: =SUM(I4:I8) -> 100 | J10: =(K4*L4)+(K5*L5)+(K6*L6)+(K7*L7)+(K8*L8)+(K9*L9) -> 180 | K10: =SUM(K4:K9) -> 8 | L10: =SUM(L4:L9) -> 50 | M10: =(N4*O4)+(N5*O5)+(N6*O6)+(N7*O7)+(N8*O8)+(N9*O9) -> 600 | N10: =SUM(N4:N9) -> 23 | O10: =SUM(O4:O9) -> 120 | P10: =(Q4*R4)+(Q5*R5)+(Q6*R6)+(Q7*R7)+(Q8*R8)+(Q9*R9) -> 490 | Q10: =SUM(Q4:Q9) -> 22 | R10: =SUM(R4:R9) -> 100 | T10: =D10+G10+J10+M10+P10 -> 2360 | X10: RPE gesamt | Y10: =(Z4*AA4)+(Z5*AA5)+(Z6*AA6)+(Z7*AA7)+(Z8*AA8)+(Z9*AA9) -> 500 | Z10: =SUM(Z4:Z9) -> 23 | AA10: =SUM(AA4:AA9) -> 110 | AB10: =(AC4*AD4)+(AC5*AD5)+(AC6*AD6)+(AC7*AD7)+(AC8*AD8) -> 610 | AC10: =SUM(AC4:AC8) -> 24 | AD10: =SUM(AD4:AD8) -> 120 | AE10: =(AF4*AG4)+(AF5*AG5)+(AF6*AG6)+(AF7*AG7)+(AF8*AG8)+(AF9*AG9) -> 80 | AF10: =SUM(AF4:AF9) -> 8 | AG10: =SUM(AG4:AG9) -> 40 | AH10: =(AI4*AJ4)+(AI5*AJ5)+(AI6*AJ6)+(AI7*AJ7)+(AI8*AJ8)+(AI9*AJ9) -> 610 | AI10: =SUM(AI4:AI9) -> 24 | AJ10: =SUM(AJ4:AJ9) -> 120 | AK10: =(AL4*AM4)+(AL5*AM5)+(AL6*AM6)+(AL7*AM7)+(AL8*AM8)+(AL9*AM9) -> 210 | AL10: =SUM(AL4:AL9) -> 15 | AM10: =SUM(AM4:AM9) -> 55 | AO10: =Y10+AB10+AE10+AH10+AK10 -> 2010 | AR10: Prävention | AS10: 2 | AT10: 10
B11: Samstag | C11: Sonntag | D11: Montag | G11: Dienstag | J11: Mittwoch | M11: Donnerstag | P11: Freitag | S11: Samstag | T11: Sonntag | W11: Samstag | X11: Sonntag | Y11: Montag | AB11: Dienstag | AE11: Mittwoch | AH11: Donnerstag | AK11: Freitag | AN11: Samstag | AO11: Sonntag | AR11: UKK | AS11: 6 | AT11: 45
D12: 4+ | G12: 4+ | J12: 3+ | M12: 2+ | P12: 1+ | Y12: 4+ | AB12: 4+ | AE12: 4+ | AH12: 3+ | AK12: 2+ | AR12: Ukp | AS12: 4 | AT12: 25
B13: Spielen | C13: frei | D13: WU Spr | E13: 5 | F13: 30 | G13: BH1 | H13: 3 | I13: 10 | J13: KV1 | K13: 1 | L13: 10 | M13: BH1 | N13: 3 | O13: 10 | P13: WU Spr | Q13: 5 | R13: 30 | S13: Match | T13: Match | W13: Spielen | X13: frei | Y13: WU Spr | Z13: 5 | AA13: 30 | AB13: BH1 | AC13: 3 | AD13: 10 | AE13: KV1 | AF13: 1 | AG13: 10 | AH13: WU Spr | AI13: 5 | AJ13: 30 | AK13: BH1 | AL13: 3 | AM13: 10 | AN13: Spielen | AO13: Match | AR13: Ukex | AS13: 4 | AT13: 10
D14: Ukex | E14: 4 | F14: 10 | G14: BH2 | H14: 3 | I14: 10 | J14: WU Spr | K14: 5 | L14: 30 | M14: BH2 | N14: 3 | O14: 10 | P14: Okex | Q14: 4 | R14: 10 | Y14: Ukex | Z14: 4 | AA14: 10 | AB14: BH2 | AC14: 3 | AD14: 10 | AE14: WU Spr | AF14: 5 | AG14: 30 | AH14: Ukex | AI14: 4 | AJ14: 10 | AK14: Okex | AL14: 4 | AM14: 10 | AR14: Ukiso | AS14: 5 | AT14: 10
D15: UKK | E15: 6 | F15: 45 | G15: Okex | H15: 4 | I15: 10 | J15: Prävention | K15: 2 | L15: 10 | M15: Ukex | N15: 4 | O15: 10 | P15: Okp | Q15: 4 | R15: 25 | Y15: UKK | Z15: 6 | AA15: 45 | AB15: Okex | AC15: 4 | AD15: 10 | AE15: Prävention | AF15: 2 | AG15: 10 | AH15: UKK | AI15: 6 | AJ15: 45 | AK15: Ukp | AL15: 4 | AM15: 25 | AR15: BH2 | AS15: 3 | AT15: 10
D16: Ukp | E16: 4 | F16: 25 | G16: OKK | H16: 6 | I16: 45 | M16: OKK/ UKK | N16: 6 | O16: 30 | P16: OKiso | Q16: 4 | R16: 10 | Y16: Ukp | Z16: 4 | AA16: 25 | AB16: OKK | AC16: 6 | AD16: 45 | AH16: Okp | AI16: 4 | AJ16: 25 | AK16: OKiso | AL16: 4 | AM16: 10 | AR16: KV1 | AS16: 1 | AT16: 10
D17: UKiso | E17: 5 | F17: 10 | G17: Okp | H17: 4 | I17: 25 | M17: Ukp | N17: 4 | O17: 25 | Y17: UKiso | Z17: 5 | AA17: 10 | AB17: Okp | AC17: 4 | AD17: 25 | AH17: UKiso | AI17: 5 | AJ17: 10 | AR17: KV2 | AS17: 2 | AT17: 10
G18: OKiso | H18: 4 | I18: 10 | M18: UKiso | N18: 5 | O18: 10 | AB18: OKiso | AC18: 4 | AD18: 10
C19: RPE gesamt | D19: =(E13*F13)+(E14*F14)+(E16*F16)+(E17*F17)+(E18*F18) -> 340 | E19: =SUM(E13:E18) -> 24 | F19: =SUM(F13:F18) -> 120 | G19: =(H13*I13)+(H14*I14)+(H16*I16)+(H17*I17) -> 430 | H19: =SUM(H13:H17) -> 20 | I19: =SUM(I13:I17) -> 100 | J19: =(K13*L13)+(K14*L14)+(K16*L16)+(K17*L17)+(K18*L18) -> 160 | K19: =SUM(K13:K18) -> 8 | L19: =SUM(L13:L18) -> 50 | M19: =(N13*O13)+(N14*O14)+(N15*O15)+(N16*O16)+(N17*O17)+(N18*O18) -> 430 | N19: =SUM(N13:N18) -> 25 | O19: =SUM(O13:O18) -> 95 | P19: =(Q13*R13)+(Q14*R14)+(Q16*R16)+(Q17*R17)+(Q18*R18) -> 230 | Q19: =SUM(Q13:Q18) -> 17 | R19: =SUM(R13:R18) -> 75 | T19: =D19+G19+J19+M19+P19 -> 1590 | X19: RPE gesamt | Y19: =(Z13*AA13)+(Z14*AA14)+(Z16*AA16)+(Z17*AA17)+(Z18*AA18) -> 340 | Z19: =SUM(Z13:Z18) -> 24 | AA19: =SUM(AA13:AA18) -> 120 | AB19: =(AC13*AD13)+(AC14*AD14)+(AC16*AD16)+(AC17*AD17) -> 430 | AC19: =SUM(AC13:AC17) -> 20 | AD19: =SUM(AD13:AD17) -> 100 | AE19: =(AF13*AG13)+(AF14*AG14)+(AF16*AG16)+(AF17*AG17)+(AF18*AG18) -> 160 | AF19: =SUM(AF13:AF18) -> 8 | AG19: =SUM(AG13:AG18) -> 50 | AH19: =(AI13*AJ13)+(AI14*AJ14)+(AI16*AJ16)+(AI17*AJ17)+(AI18*AJ18) -> 340 | AI19: =SUM(AI13:AI18) -> 24 | AJ19: =SUM(AJ13:AJ18) -> 120 | AK19: =(AL13*AM13)+(AL14*AM14)+(AL16*AM16)+(AL17*AM17)+(AL18*AM18) -> 110 | AL19: =SUM(AL13:AL18) -> 15 | AM19: =SUM(AM13:AM18) -> 55 | AO19: =Y19+AB19+AE19+AH19+AK19 -> 1380
A21: Wochengestaltung je nach Trainings- oder Wettkampfperiode | B21: Samstag | C21: Sonntag | D21: Montag | G21: Dienstag | J21: Mittwoch | M21: Donnerstag | P21: Freitag | S21: Samstag | T21: Sonntag | V21: Wochengestaltung je nach Trainings- oder Wettkampfperiode | W21: Samstag | X21: Sonntag | Y21: Montag | AB21: Dienstag | AE21: Mittwoch | AH21: Donnerstag | AK21: Freitag | AN21: Samstag | AO21: Sonntag
D22: 1- | G22: 2- | J22: 3- | M22: 4+ | P22: 4+ | Y22: 2- | AB22: 3- | AE22: 2+ | AH22: 1+
B23: Match | C23: Match | D23: KV1 | E23: 1 | F23: 10 | G23: frei | J23: BH1 | K23: 3 | L23: 10 | M23: KV1 | N23: 1 | O23: 10 | P23: BH1 | Q23: 3 | R23: 10 | S23: Spielen | T23: frei | W23: Match | X23: frei | Y23: BH2 | Z23: 3 | AA23: 10 | AB23: BH1 | AC23: 3 | AD23: 10 | AE23: KV1 | AF23: 1 | AG23: 10 | AH23: WU Spr | AI23: 5 | AJ23: 30 | AK23: Match | AN23: Match | AO23: Match
D24: KV2 | E24: 2 | F24: 10 | J24: BH2 | K24: 3 | L24: 10 | M24: WU Spr | N24: 5 | O24: 30 | P24: BH2 | Q24: 3 | R24: 10 | Y24: Okex | Z24: 4 | AA24: 10 | AB24: BH2 | AC24: 3 | AD24: 10 | AE24: WU Spr | AF24: 5 | AG24: 30 | AH24: Okex | AI24: 4 | AJ24: 10
D25: BH1 | E25: 3 | F25: 10 | J25: Ukex | K25: 4 | L25: 10 | M25: Prävention | N25: 2 | O25: 10 | P25: Okex | Q25: 4 | R25: 10 | Y25: OKK | Z25: 6 | AA25: 45 | AB25: Ukex | AC25: 4 | AD25: 10 | AE25: Prävention | AF25: 2 | AG25: 10 | AH25: Okp | AI25: 4 | AJ25: 25
D26: Ukp | E26: 4 | F26: 25 | J26: UKK | K26: 6 | L26: 45 | P26: OKK | Q26: 6 | R26: 45 | Y26: Okp | Z26: 4 | AA26: 25 | AB26: UKK | AC26: 6 | AD26: 45
J27: Ukp | K27: 4 | L27: 25 | P27: Okp | Q27: 4 | R27: 25 | Y27: OKiso | Z27: 4 | AA27: 10 | AB27: Ukp | AC27: 4 | AD27: 25
J28: UKiso | K28: 5 | L28: 5 | P28: OKiso | Q28: 4 | R28: 10 | AB28: UKiso | AC28: 5 | AD28: 10
C29: RPE gesamt | D29: =(E23*F23)+(E24*F24)+(E25*F25)+(E26*F26)+(E27*F27)+(E28*F28) -> 160 | E29: =SUM(E23:E28) -> 10 | F29: =SUM(F23:F28) -> 55 | G29: =(H23*I23)+(H24*I24)+(H25*I25)+(H26*I26)+(H27*I27) -> 0 | H29: =SUM(H23:H27) -> 0 | I29: =SUM(I23:I27) -> 0 | J29: =(K23*L23)+(K24*L24)+(K25*L25)+(K26*L26)+(K27*L27)+(K28*L28) -> 495 | K29: =SUM(K23:K28) -> 25 | L29: =SUM(L23:L28) -> 105 | M29: =(N23*O23)+(N24*O24)+(N25*O25)+(N26*O26)+(N27*O27)+(N28*O28) -> 180 | N29: =SUM(N23:N28) -> 8 | O29: =SUM(O23:O28) -> 50 | P29: =(Q23*R23)+(Q24*R24)+(Q25*R25)+(Q26*R26)+(Q27*R27)+(Q28*R28) -> 510 | Q29: =SUM(Q23:Q28) -> 24 | R29: =SUM(R23:R28) -> 110 | T29: =D29+G29+J29+M29+P29 -> 1345 | X29: RPE gesamt | Y29: =(Z23*AA23)+(Z24*AA24)+(Z25*AA25)+(Z26*AA26)+(Z27*AA27)+(Z28*AA28) -> 480 | Z29: =SUM(Z23:Z28) -> 21 | AA29: =SUM(AA23:AA28) -> 100 | AB29: =(AC23*AD23)+(AC24*AD24)+(AC25*AD25)+(AC26*AD26)+(AC27*AD27) -> 470 | AC29: =SUM(AC23:AC27) -> 20 | AD29: =SUM(AD23:AD27) -> 100 | AE29: =(AF23*AG23)+(AF24*AG24)+(AF25*AG25)+(AF26*AG26)+(AF27*AG27)+(AF28*AG28) -> 180 | AF29: =SUM(AF23:AF28) -> 8 | AG29: =SUM(AG23:AG28) -> 50 | AH29: =(AI23*AJ23)+(AI24*AJ24)+(AI25*AJ25)+(AI26*AJ26)+(AI27*AJ27)+(AI28*AJ28) -> 290 | AI29: =SUM(AI23:AI28) -> 13 | AJ29: =SUM(AJ23:AJ28) -> 65 | AK29: =(AL23*AM23)+(AL24*AM24)+(AL25*AM25)+(AL26*AM26)+(AL27*AM27)+(AL28*AM28) -> 0 | AL29: =SUM(AL23:AL28) -> 0 | AM29: =SUM(AM23:AM28) -> 0 | AO29: =Y29+AB29+AE29+AH29+AK29 -> 1420
B30: Samstag | C30: Sonntag | D30: Montag | G30: Dienstag | J30: Mittwoch | M30: Donnerstag | P30: Freitag | S30: Samstag | T30: Sonntag | W30: Samstag | X30: Sonntag | Y30: Montag | AB30: Dienstag | AE30: Mittwoch | AH30: Donnerstag | AK30: Freitag | AN30: Samstag | AO30: Sonntag
D31: 1- | G31: 2- | J31: 3- | M31: 2+ | P31: 1+ | Y31: 4+ | AB31: 3+ | AE31: 2+ | AH31: 1+
B32: Match | C32: Match | D32: KV1 | E32: 1 | F32: 10 | G32: frei | J32: BH1 | K32: 3 | L32: 10 | M32: BH1 | N32: 3 | O32: 10 | P32: WU Spr | Q32: 5 | R32: 30 | S32: Match | T32: Match | W32: Spielen | X32: frei | Y32: WU Spr | Z32: 5 | AA32: 30 | AB32: BH1 | AC32: 3 | AD32: 10 | AE32: BH2 | AF32: 3 | AG32: 10 | AH32: WU Spr | AI32: 5 | AJ32: 30 | AK32: Match | AN32: Match | AO32: Match
D33: KV2 | E33: 2 | F33: 10 | J33: BH2 | K33: 3 | L33: 10 | M33: OKK | N33: 6 | O33: 45 | P33: Okex | Q33: 4 | R33: 10 | Y33: Ukex | Z33: 4 | AA33: 10 | AB33: BH2 | AC33: 3 | AD33: 10 | AE33: Okp | AF33: 4 | AG33: 25 | AH33: Okex | AI33: 4 | AJ33: 10
D34: BH1 | E34: 3 | F34: 10 | J34: Ukex | K34: 4 | L34: 10 | M34: Ukp | N34: 4 | O34: 25 | P34: Okp | Q34: 4 | R34: 25 | Y34: UKK | Z34: 6 | AA34: 45 | AB34: Okex | AC34: 4 | AD34: 10 | AE34: OKiso | AF34: 4 | AG34: 10 | AH34: Ukp | AI34: 4 | AJ34: 25
D35: Ukp | E35: 4 | F35: 25 | J35: UKK | K35: 6 | L35: 45 | M35: OKiso | N35: 4 | O35: 10 | Y35: Ukp | Z35: 4 | AA35: 5 | AB35: OKK | AC35: 6 | AD35: 45
J36: Okp | K36: 4 | L36: 25 | Y36: UKiso | Z36: 5 | AA36: 10 | AB36: OKiso | AC36: 4 | AD36: 10
J37: UKiso | K37: 5 | L37: 5
C38: RPE gesamt | D38: =(E32*F32)+(E33*F33)+(E34*F34)+(E45*F45)+(E36*F36)+(E37*F37) -> 160 | E38: =SUM(E32:E37) -> 10 | F38: =SUM(F32:F37) -> 55 | G38: =(H32*I32)+(H33*I33)+(H34*I34)+(H45*I45)+(H36*I36) -> 0 | H38: =SUM(H32:H36) -> 0 | I38: =SUM(I32:I36) -> 0 | J38: =(K32*L32)+(K33*L33)+(K34*L34)+(K45*L45)+(K36*L36)+(K37*L37) -> 495 | K38: =SUM(K32:K37) -> 25 | L38: =SUM(L32:L37) -> 105 | M38: =(N32*O32)+(N33*O33)+(N34*O34)+(N45*O45)+(N36*O36)+(N37*O37) -> 440 | N38: =SUM(N32:N37) -> 17 | O38: =SUM(O32:O37) -> 90 | P38: =(Q32*R32)+(Q33*R33)+(Q34*R34)+(Q45*R45)+(Q36*R36)+(Q37*R37) -> 290 | Q38: =SUM(Q32:Q37) -> 13 | R38: =SUM(R32:R37) -> 65 | T38: =D38+G38+J38+M38+P38 -> 1385 | X38: RPE gesamt | Y38: =(Z32*AA32)+(Z33*AA33)+(Z34*AA34)+(Z45*AA45)+(Z36*AA36)+(Z37*AA37) -> 510 | Z38: =SUM(Z32:Z37) -> 24 | AA38: =SUM(AA32:AA37) -> 100 | AB38: =(AC32*AD32)+(AC33*AD33)+(AC34*AD34)+(AC45*AD45)+(AC36*AD36) -> 140 | AC38: =SUM(AC32:AC36) -> 20 | AD38: =SUM(AD32:AD36) -> 85 | AE38: =(AF32*AG32)++(AF33*AG33)+(AF35*AG35)+(AF34*AG34)+(AF37*AG37) -> 170 | AF38: =SUM(AF32:AF37) -> 11 | AG38: =SUM(AG32:AG37) -> 45 | AH38: =(AI32*AJ32)+(AI33*AJ33)+(AI34*AJ34)+(AI45*AJ45)+(AI36*AJ36)+(AI37*AJ37) -> 290 | AI38: =SUM(AI32:AI37) -> 13 | AJ38: =SUM(AJ32:AJ37) -> 65 | AK38: =(AL32*AM32)+(AL33*AM33)+(AL34*AM34)+(AL45*AM45)+(AL36*AM36)+(AL37*AM37) -> 0 | AL38: =SUM(AL32:AL37) -> 0 | AM38: =SUM(AM32:AM37) -> 0 | AO38: =Y38+AB38+AE38+AH38+AK38 -> 1110
A40: Wochengestaltung je nach Trainings- oder Wettkampfperiode | B40: Samstag | C40: Sonntag | D40: Montag | G40: Dienstag | J40: Mittwoch | M40: Donnerstag | P40: Freitag | S40: Samstag | T40: Sonntag
C41: 1- | D41: 2- | G41: 3- | J41: 3+ | M41: 2+ | P41: 1+
B42: Match | C42: frei | D42: BH2 | E42: 3 | F42: 10 | G42: KV1 | H42: 1 | I42: 10 | J42: BH1 | K42: 3 | L42: 10 | M42: BH1 | N42: 3 | O42: 10 | P42: WU Spr | Q42: 5 | R42: 30 | S42: Match | T42: frei
D43: Okex | E43: 4 | F43: 10 | G43: WU Spr | H43: 5 | I43: 30 | J43: BH2 | K43: 3 | L43: 10 | M43: OKK | N43: 6 | O43: 45 | P43: Okex | Q43: 4 | R43: 10
D44: OKK | E44: 6 | F44: 45 | G44: Prävention | H44: 2 | I44: 10 | J44: Ukex | K44: 4 | L44: 10 | M44: Okp | N44: 4 | O44: 25 | P44: Ukp | Q44: 4 | R44: 25
D45: Okp | E45: 4 | F45: 25 | J45: UKK | K45: 6 | L45: 45 | M45: OKiso | N45: 4 | O45: 10
D46: OKiso | E46: 4 | F46: 10 | J46: Ukp | K46: 4 | L46: 25
J47: UKiso | K47: 5 | L47: 10
C48: RPE gesamt | D48: =(E42*F42)+(E43*F43)+(E44*F44)+(E45*F45)+(E46*F46)+(E47*F47) -> 480 | E48: =SUM(E42:E47) -> 21 | F48: =SUM(F42:F47) -> 100 | G48: =(H42*I42)+(H43*I43)+(H44*I44)+(H45*I45)+(H46*I46) -> 180 | H48: =SUM(H42:H46) -> 8 | I48: =SUM(I42:I46) -> 50 | J48: =(K42*L42)+(K43*L43)+(K44*L44)+(K45*L45)+(K46*L46)+(K47*L47) -> 520 | K48: =SUM(K42:K47) -> 25 | L48: =SUM(L42:L47) -> 110 | M48: =(N42*O42)+(N43*O43)+(N44*O44)+(N45*O45)+(N46*O46)+(N47*O47) -> 440 | N48: =SUM(N42:N47) -> 17 | O48: =SUM(O42:O47) -> 90 | P48: =(Q42*R42)+(Q43*R43)+(Q44*R44)+(Q45*R45)+(Q46*R46)+(Q47*R47) -> 290 | Q48: =SUM(Q42:Q47) -> 13 | R48: =SUM(R42:R47) -> 65 | T48: =D48+G48+J48+M48+P48 -> 1910
